"alt","audioUrl","caption","coauthorProducers/0/__typename","coauthorProducers/0/full_name","coauthorProducers/0/id","coauthorProducers/0/is_unpublished","coauthorProducers/0/is_verified","coauthorProducers/0/profile_pic_url","coauthorProducers/0/username","commentsCount","dimensionsHeight","dimensionsWidth","displayUrl","firstComment","hashtags/0","hashtags/1","hashtags/2","hashtags/3","hashtags/4","hashtags/5","hashtags/6","id","inputUrl","isCommentsDisabled","latestComments/0/id","latestComments/0/likesCount","latestComments/0/owner/full_name","latestComments/0/owner/id","latestComments/0/owner/is_mentionable","latestComments/0/owner/is_private","latestComments/0/owner/is_verified","latestComments/0/owner/latest_reel_media","latestComments/0/owner/profile_pic_id","latestComments/0/owner/profile_pic_url","latestComments/0/owner/username","latestComments/0/ownerProfilePicUrl","latestComments/0/ownerUsername","latestComments/0/replies","latestComments/0/repliesCount","latestComments/0/text","latestComments/0/timestamp","likesCount","locationId","locationName","mentions/0","mentions/1","musicInfo/artist_name","musicInfo/audio_id","musicInfo/should_mute_audio","musicInfo/should_mute_audio_reason","musicInfo/song_name","musicInfo/uses_original_audio","originalHeight","originalWidth","ownerFullName","ownerId","ownerUsername","paidPartnership","productType","shortCode","taggedUsers/0/full_name","taggedUsers/0/id","taggedUsers/0/is_verified","taggedUsers/0/profile_pic_url","taggedUsers/0/username","timestamp","type","url","videoDuration","videoPlayCount","videoUrl","videoViewCount"
"Photo by Shooters Grill on August 31, 2026.",,"If you aren't eating steak like this today, what are you even doing? 🥩🔥
📍Shooters Grill.

#ShootersGrill #steakhouse #steaklover #flamegrilled #sizzleandtaste",,,,,,,,"0","1440","1440","https://scontent-ams2-1.cdninstagram.com/v/t51.82787-15/791778312_18125560249823378_6255946794939628915_n.webp?_nc_cat=106&ig_cache_key=Mzk3NjQxMjgyODUyODAxMTMwMw%3D%3D.3-ccb7-5&ccb=7-5&_nc_sid=58cdad&efg=eyJ2ZW5jb2RlX3RhZyI6IkZFRUQueHBpZHMuMTQ0MC5zZHIucmVndWxhcl9waG90by5DMyJ9&_nc_ohc=Bx3Lijj7DFcQ7kNvwHQkcZi&_nc_oc=Adpdj5dXml0h73r0s9ifMfqxh9oInIjdV8xZN5MRNcIBzvpimP4qeSKApE16b0Hg8b0&_nc_ad=z-m&_nc_cid=0&_nc_zt=23&_nc_ht=scontent-ams2-1.cdninstagram.com&_nc_gid=grp6MRU4a_SUOqFGPVv6Zg&_nc_ss=7a22e&oh=00_AQJ6cRPxwqRZDskie7PCvqeHJvvp3eDYy-TIkyPk368YzQ&oe=6AB8FD19","","ShootersGrill","steakhouse","steaklover","flamegrilled","sizzleandtaste",,,"3976412828528011303","https://www.instagram.com/shooters_grill_dar/","false",,,,,,,,,,,,,,,,,,"3",,,,,,,,,,,"1440","1440","Shooters Grill","24523847377","shooters_grill_dar","false","feed","DcvDmZMt-gn",,,,,,"2026-09-01T06:49:33.000Z","Image","https://www.instagram.com/p/DcvDmZMt-gn/",,,,
"Photo by Shooters Grill on August 28, 2026.",,"You worked hard this week, now come treat yourself to the best steak in town. 🙌

#yourcitysteakhouse #ShootersGrill #steaklovers #insteakwetrust",,,,,,,,"0","1440","1440","https://scontent-dfw5-1.cdninstagram.com/v/t51.82787-15/787306407_18125193082823378_2065947400813969609_n.webp?_nc_cat=105&ig_cache_key=Mzk3Mzg5OTEyMDE0ODYwMzY2OQ%3D%3D.3-ccb7-5&ccb=7-5&_nc_sid=58cdad&efg=eyJ2ZW5jb2RlX3RhZyI6IkZFRUQueHBpZHMuMTQ0MC5zZHIucmVndWxhcl9waG90by5DMyJ9&_nc_ohc=vKW3vTRyIhEQ7kNvwE4JoK1&_nc_oc=Adrj_HbLNL71t9vm0pwiWJPqyW100JY8ySbxXkAmubMfdglxmui5fDLtioR_NCAuC6kobY_3r_F--pLdJqqcGe1R&_nc_ad=z-m&_nc_cid=0&_nc_zt=23&_nc_ht=scontent-dfw5-1.cdninstagram.com&_nc_gid=ciAUrdnwzo0FSeC0Pu8SYQ&_nc_ss=7a22e&oh=00_AQI8fCxWvF18A6N8igeBm8zhS-177dyowGfBA7VwHkO61Q&oe=6AB90E1B","","yourcitysteakhouse","ShootersGrill","steaklovers","insteakwetrust",,,,"3973899120148603669","https://www.instagram.com/shooters_grill_dar/","false",,,,,,,,,,,,,,,,,,"3",,,,,,,,,,,"1440","1440","Shooters Grill","24523847377","shooters_grill_dar","false","feed","DcmIDH1seMV",,,,,,"2026-08-28T19:35:15.000Z","Image","https://www.instagram.com/p/DcmIDH1seMV/",,,,
"Photo by Shooters Grill on September 22, 2026.",,"When the steak looks this good, you don't need a reason to treat yourself. 🥩🔥

#shootersgrill #steakhouse #puremeatheaven #steaklovers #grillandbar",,,,,,,,"0","1440","1440","https://scontent-fra3-1.cdninstagram.com/v/t51.82787-15/817456026_18127651987823378_5548413017997757446_n.webp?_nc_cat=105&ig_cache_key=Mzk5MTc1NzE3NjMyOTE4MTU1NQ%3D%3D.3-ccb7-5&ccb=7-5&_nc_sid=58cdad&efg=eyJ2ZW5jb2RlX3RhZyI6IkZFRUQueHBpZHMuMTQ0MC5zZHIucmVndWxhcl9waG90by5DMyJ9&_nc_ohc=CMOe8yRgwFcQ7kNvwGznXiV&_nc_oc=AdrnPlQGcXXWOb-CRJjaBQEXeidUDBskgUApwua1CGYjr0kv6q3DbVe9GSzce87oxGwjWrQ_8O3mC9LYH5kqCbm3&_nc_ad=z-m&_nc_cid=0&_nc_zt=23&_nc_ht=scontent-fra3-1.cdninstagram.com&_nc_gid=FTMEE622sIP_H8YzQu8Lwg&_nc_ss=7a22e&oh=00_AQJQCrW4CiewrVUxE7__uWwDWN_KhRcr5wS9BVryP4UlEw&oe=6AB930C0","","shootersgrill","steakhouse","puremeatheaven","steaklovers","grillandbar",,,"3991757176329181555","https://www.instagram.com/shooters_grill_dar/","false",,,,,,,,,,,,,,,,,,"3",,,,,,,,,,,"1440","1440","Shooters Grill","24523847377","shooters_grill_dar","false","feed","DdlkgCst5lz",,,,,,"2026-09-22T10:56:01.000Z","Image","https://www.instagram.com/p/DdlkgCst5lz/",,,,
"Photo by Shooters Grill on August 24, 2026.",,"Decades of tradition, perfected over an open flame. Come taste the history.

#yourcitysteakhouse #ShootersGrill #steaklovers #insteakwetrust",,,,,,,,"0","1440","1440","https://instagram.fcvj2-2.fna.fbcdn.net/v/t51.82787-15/784197420_18124749835823378_8405251927792787634_n.webp?_nc_cat=104&ig_cache_key=Mzk3MDkyNjI3NjQ5NDMyNTMxOA%3D%3D.3-ccb7-5&ccb=7-5&_nc_sid=58cdad&efg=eyJ2ZW5jb2RlX3RhZyI6IkZFRUQueHBpZHMuMTQ0MC5zZHIucmVndWxhcl9waG90by5DMiJ9&_nc_ohc=_pWtHnSaVvYQ7kNvwFkXCIb&_nc_oc=AdpJ21cOMvQrOi8uGsshAlu53hh0rgFum28yTNW1r0KP5nNsGPpUWOz5FwzA4pP22Z08SC5Vtbh3WQC1oWMrYhU1&_nc_ad=z-m&_nc_cid=0&_nc_zt=23&_nc_ht=instagram.fcvj2-2.fna&_nc_gid=IP8ZFnBidDqAunCwjuAKBg&_nc_ss=7a22e&oh=00_AQLN2bDgrqxpL9Oe6xc_-VPG62SCUNTkYwbvrVa167DQdw&oe=6AB91C7A","","yourcitysteakhouse","ShootersGrill","steaklovers","insteakwetrust",,,,"3970926276494325318","https://www.instagram.com/shooters_grill_dar/","false",,,,,,,,,,,,,,,,,,"2",,,,,,,,,,,"1440","1440","Shooters Grill","24523847377","shooters_grill_dar","false","feed","DcbkGjbtXZG",,,,,,"2026-08-24T17:08:45.000Z","Image","https://www.instagram.com/p/DcbkGjbtXZG/",,,,
"Photo by Shooters Grill on September 03, 2026.",,"Some cravings can’t wait, especially when it’s Friday. 🥩🔥
Treat yourself to pure comfort today at Shooters Grill.

#ShootersGrill #steakhouse #fridayvibes❤️ #daressalaameats #steaklovers",,,,,,,,"0","1440","1440","https://instagram.fwaw9-1.fna.fbcdn.net/v/t51.82787-15/795945828_18125842624823378_894935724390566894_n.webp?_nc_cat=102&_nc_map=urlgen_bucketless&ig_cache_key=Mzk3ODU3MjY3Mzk3MjU2NzkxOA%3D%3D.3-ccb7-5&ccb=7-5&_nc_sid=58cdad&efg=eyJ2ZW5jb2RlX3RhZyI6IkZFRUQueHBpZHMuMTQ0MC5zZHIucmVndWxhcl9waG90by5DMyJ9&_nc_ohc=iTil2dGLAqAQ7kNvwFevBr5&_nc_oc=AdrnHlHdYV-X8mBBJWQHvyrdWoZvtPXVhrnbm0BX6LBbvDjEgey8t_6ba4_75kHhhHw&_nc_ad=z-m&_nc_cid=0&_nc_zt=23&_nc_ht=instagram.fwaw9-1.fna&_nc_gid=i8HttiDFVfa62oZP6vZGIw&_nc_ss=7a22e&oh=00_AQK0pYtpEjWiiA1tyc82wMcukXosCi9MmZY3WtG5hmWrQw&oe=6AB9079F","","ShootersGrill","steakhouse","fridayvibes❤️","daressalaameats","steaklovers",,,"3978572673972567918","https://www.instagram.com/shooters_grill_dar/","false",,,,,,,,,,,,,,,,,,"9",,,,,,,,,,,"1440","1440","Shooters Grill","24523847377","shooters_grill_dar","false","feed","Dc2usSBNf9u",,,,,,"2026-09-04T06:20:46.000Z","Image","https://www.instagram.com/p/Dc2usSBNf9u/",,,,
"Photo by Shooters Grill on August 21, 2026.",,"For those who like their flavors bold and their evenings smooth.😍

#yourcitysteakhouse #ShootersGrill #steaklovers #insteakwetrust",,,,,,,,"0","1440","1440","https://instagram.fgrq1-1.fna.fbcdn.net/v/t51.82787-15/780074600_18124453357823378_3055313227361732767_n.webp?_nc_cat=102&_nc_map=urlgen_bucketless&ig_cache_key=Mzk2ODcxNTk4NDQ2MDg0MzcyOA%3D%3D.3-ccb7-5&ccb=7-5&_nc_sid=58cdad&efg=eyJ2ZW5jb2RlX3RhZyI6IkZFRUQueHBpZHMuMTQ0MC5zZHIucmVndWxhcl9waG90by5DMyJ9&_nc_ohc=06KjoDYjikIQ7kNvwEQgTFt&_nc_oc=Adru837fOYdVEvD6Z1PnUKCsIfwwIS8cYUW-prUWzpStq3lQbnp78ncLmBFcnvrKOXw&_nc_ad=z-m&_nc_cid=0&_nc_zt=23&_nc_ht=instagram.fgrq1-1.fna&_nc_gid=3AltUm3R8l-_z35wL0xcNQ&_nc_ss=7a22e&oh=00_AQLpPNl0vSpqeuTRRuWUn98VBWQvBzNdNZyUqU0LBoPCwQ&oe=6AB92B68","","yourcitysteakhouse","ShootersGrill","steaklovers","insteakwetrust",,,,"3968715984460843728","https://www.instagram.com/shooters_grill_dar/","false",,,,,,,,,,,,,,,,,,"3",,,,,,,,,,,"1440","1440","Shooters Grill","24523847377","shooters_grill_dar","false","feed","DcTtikkNArQ",,,,,,"2026-08-21T15:57:18.000Z","Image","https://www.instagram.com/p/DcTtikkNArQ/",,,,
"Photo by Shooters Grill on September 08, 2026.",,"If you're craving good steak, you know where to find us.😋
📍 Shooters Grill – Steakhouse & Bar

#ShootersGrill #steakhouseandbar #daressalaam #steaktime #meatlovers",,,,,,,,"0","1440","1440","https://scontent-itm1-1.cdninstagram.com/v/t51.82787-15/800715010_18126255331823378_3804720369997020620_n.webp?_nc_cat=105&ig_cache_key=Mzk4MTU5NTgzNjIxNDAwODYxNw%3D%3D.3-ccb7-5&ccb=7-5&_nc_sid=58cdad&efg=eyJ2ZW5jb2RlX3RhZyI6IkZFRUQueHBpZHMuMTQ0MC5zZHIucmVndWxhcl9waG90by5DMyJ9&_nc_ohc=jEP8A14ROsUQ7kNvwGGiALV&_nc_oc=AdrIFhdnu4Z-vK6R3KclPJgvw_Pkaxvpg96YEjx64Mp6Ps4qoykChDGM4-w4lN3b6wlYxK5P-a67CDsGyADfvFya&_nc_ad=z-m&_nc_cid=0&_nc_zt=23&_nc_ht=scontent-itm1-1.cdninstagram.com&_nc_gid=nZxbU889iLZCoXLAC4qBBQ&_nc_ss=7a22e&oh=00_AQLHkBGTRBbZKAalh1ZZAsAYzR_HrzjZ3VtbhlSw-mrOHQ&oe=6AB90A21","","ShootersGrill","steakhouseandbar","daressalaam","steaktime","meatlovers",,,"3981595836214008617","https://www.instagram.com/shooters_grill_dar/","false",,,,,,,,,,,,,,,,,,"1",,,,,,,,,,,"1440","1440","Shooters Grill","24523847377","shooters_grill_dar","false","feed","DdBeFFQtdsp",,,,,,"2026-09-08T10:27:15.000Z","Image","https://www.instagram.com/p/DdBeFFQtdsp/",,,,
"Photo by Shooters Grill on September 15, 2026.",,"",,,,,,,,"0","1440","1440","https://scontent-man2-1.cdninstagram.com/v/t51.82787-15/811711012_18126991225823378_385299136794298381_n.webp?_nc_cat=100&ig_cache_key=Mzk4Njg4ODc0MDEzNDQwMzA1Ng%3D%3D.3-ccb7-5&ccb=7-5&_nc_sid=58cdad&efg=eyJ2ZW5jb2RlX3RhZyI6IkZFRUQueHBpZHMuMTQ0MC5zZHIucmVndWxhcl9waG90by5DMyJ9&_nc_ohc=Vr2s6Iy1ENIQ7kNvwFTD0OD&_nc_oc=AdrOto5SOHGmXyIVSzqzf_dz-uOE9AgtHph1n2lBx_i8X_3WIN4mKE0UWQScyOJuxyo&_nc_ad=z-m&_nc_cid=0&_nc_zt=23&_nc_ht=scontent-man2-1.cdninstagram.com&_nc_gid=6EiuC5ZKNUnerVJkv1c3Zg&_nc_ss=7a22e&oh=00_AQIQwGBgML6fAhHXmPhFubKyg-vrKo7qqHXPikHj6tXK7w&oe=6AB90BD9","",,,,,,,,"3986888740134403056","https://www.instagram.com/shooters_grill_dar/","false",,,,,,,,,,,,,,,,,,"3",,,,,,,,,,,"1440","1440","Shooters Grill","24523847377","shooters_grill_dar","false","feed","DdURi-Ktzvw",,,,,,"2026-09-15T17:43:18.000Z","Image","https://www.instagram.com/p/DdURi-Ktzvw/",,,,
"Video by Shooters Grill on September 18, 2026.","https://scontent-dus1-1.cdninstagram.com/o1/v/t2/f2/m78/AQP45vVUrIDd1JiuAo-qaQa_BRjC9s2K8nHPD5CD18oRkZvkWEdhfYi9xfG3OiziPI61RssCUZIoCWRKePzg28NsZUJmo_x61RXSX10.mp4?_nc_cat=107&_nc_sid=9ca052&_nc_ht=scontent-dus1-1.cdninstagram.com&_nc_ohc=hMGqENouW-EQ7kNvwEmC2tR&efg=eyJ2ZW5jb2RlX3RhZyI6ImlnLXhwdmRzLmNsaXBzLmMyLUMzLmRhc2hfbG5faGVhYWNfdmJyM19hdWRpbyIsInZpZGVvX2lkIjpudWxsLCJvaWxfdXJsZ2VuX2FwcF9pZCI6OTM2NjE5NzQzMzkyNDU5LCJjbGllbnRfbmFtZSI6ImlnIiwieHB2X2Fzc2V0X2lkIjoxMDYwNTkwODI2NzY5NTEzLCJhc3NldF9hZ2VfZGF5cyI6NCwidmlfdXNlY2FzZV9pZCI6MTAwOTksImR1cmF0aW9uX3MiOjcsImJpdHJhdGUiOjYwNjk0LCJ1cmxnZW5fc291cmNlIjoid3d3In0%3D&ccb=17-1&_nc_gid=_iseESu445eDiJwE4qGjDA&_nc_ss=7a22e&_nc_zt=28&oh=00_AQLUWUWVgKLkwh3v9lUq8gj2ZITn_mw96mttqWSU1EtOig&oe=6AB53BB4","Okay… this one is definitely worth a closer look. 👀🔥

#shootersgril #steakhouse  #daressalaam #steaklovers #goodfoodchoices",,,,,,,,"0","1136","640","https://scontent-dus1-1.cdninstagram.com/v/t51.71878-15/815018583_1753588075791758_1860845940893655617_n.jpg?stp=dst-jpg_e15_tt6&_nc_cat=106&ig_cache_key=Mzk4OTAyOTEyNTg5NTk1ODU2NzEwNjA1OTI0MjY3NjkzNTM%3D.3-ccb7-5&ccb=7-5&_nc_sid=58cdad&efg=eyJ2ZW5jb2RlX3RhZyI6IkNMSVBTLnhwaWRzLjY0MC5zZHIudmlkZW9fbmZyYW1lX2NvdmVyX2ZyYW1lLkMzIn0%3D&_nc_ohc=MbFt-g9Baf8Q7kNvwEK4UK6&_nc_oc=AdoK4wYZd-h516KYpBYlJ9Jvmw-hCmiBuoVRuyeaQQTrZrVz2Pr7GQA4x30q1T6wUVW83CdXrpP4N4G988MH4B6K&_nc_ad=z-m&_nc_cid=0&_nc_zt=23&_nc_ht=scontent-dus1-1.cdninstagram.com&_nc_gid=_iseESu445eDiJwE4qGjDA&_nc_ss=7a22e&oh=00_AQI2odBdiXP2HIEggJkomQrpLM3pLRl5lJ94MMVLHdU7nQ&oe=6AB90FA6","","shootersgril","steakhouse","daressalaam","steaklovers","goodfoodchoices",,,"3989029125895958567","https://www.instagram.com/shooters_grill_dar/","false",,,,,,,,,,,,,,,,,,"4",,,,,"shooters_grill_dar","28228722990153256","false","","Original audio","true","1920","1080","Shooters Grill","24523847377","shooters_grill_dar","false","clips","Ddb4NrvtzAn",,,,,,"2026-09-18T16:37:53.000Z","Video","https://www.instagram.com/p/Ddb4NrvtzAn/","7.56","280","https://scontent-dus1-1.cdninstagram.com/o1/v/t2/f2/m86/AQNSC5jcwZJUkcBNXqHxHq7E6LjaadK3L0eWXsvZzzXiVrwGwXKU6p8xg4sNgkWLc2DIx6PBRZ4aHZ8K1JP7Erdm-QPCJQcK2wd4ezE.mp4?_nc_cat=111&_nc_sid=5e9851&_nc_ht=scontent-dus1-1.cdninstagram.com&_nc_ohc=EAjo_hXy5bAQ7kNvwEzYPUn&efg=eyJ2ZW5jb2RlX3RhZyI6Inhwdl9wcm9ncmVzc2l2ZS5JTlNUQUdSQU0uQ0xJUFMuQzMuNzIwLmRhc2hfYmFzZWxpbmVfMV92MSIsInhwdl9hc3NldF9pZCI6MTA2MDU5MDgyNjc2OTUxMywiYXNzZXRfYWdlX2RheXMiOjQsInZpX3VzZWNhc2VfaWQiOjEwMDk5LCJkdXJhdGlvbl9zIjo3LCJ1cmxnZW5fc291cmNlIjoid3d3In0%3D&ccb=17-1&vs=7fe2aeacd3f0c115&_nc_vs=HBksFQIYUmlnX3hwdl9yZWVsc19wZXJtYW5lbnRfc3JfcHJvZC9FRTRBM0ZBNUQ1NEZBNzVEODk0NTg3ODI3NjY4NjI5QV92aWRlb19kYXNoaW5pdC5tcDQVAALIARIAFQIYUWlnX3hwdl9wbGFjZW1lbnRfcGVybWFuZW50X3YyL0I3NDJFRjkwNzk2QUQxQzM4QkRBQjkxRjdCQjZCRTg3X2F1ZGlvX2Rhc2hpbml0Lm1wNBUCAsgBEgAoABgAGwKIB3VzZV9vaWwBMRJwcm9ncmVzc2l2ZV9yZWNpcGUBMRUAACbSsdq3wabiAxUCKAJDMywXQB49cKPXCj0YEmRhc2hfYmFzZWxpbmVfMV92MREAdf4HZeadAQA&_nc_gid=_iseESu445eDiJwE4qGjDA&_nc_ss=7a22e&_nc_zt=28&oh=00_AQLF9WkyOMvrYuGrbf5YXkT9ZHXuNvr30PYvybrfi2B-9Q&oe=6AB5141C","64"
"Video by Shooters Grill on September 10, 2026.","https://scontent-ssn1-1.cdninstagram.com/o1/v/t2/f2/m78/AQPndLaIr3ePfxJUVlZFaosceTlCx8-UXdgRlly6v6OPxS3k8TFaF_rKPr1RCvdSjpOvzjL8B7ptf4IpPd-JA64iUSI7avoVL48InqA.mp4?_nc_cat=103&_nc_sid=9ca052&_nc_ht=scontent-ssn1-1.cdninstagram.com&_nc_ohc=mLua3am3ms0Q7kNvwEoeFuV&efg=eyJ2ZW5jb2RlX3RhZyI6ImlnLXhwdmRzLmNsaXBzLmMyLUMzLmRhc2hfbG5faGVhYWNfdmJyM19hdWRpbyIsInZpZGVvX2lkIjpudWxsLCJvaWxfdXJsZ2VuX2FwcF9pZCI6OTM2NjE5NzQzMzkyNDU5LCJjbGllbnRfbmFtZSI6ImlnIiwieHB2X2Fzc2V0X2lkIjoxNDMxMTkwNDI1NTMwOTY3LCJhc3NldF9hZ2VfZGF5cyI6MTIsInZpX3VzZWNhc2VfaWQiOjEwMDk5LCJkdXJhdGlvbl9zIjoxNiwiYml0cmF0ZSI6NzI0ODcsInVybGdlbl9zb3VyY2UiOiJ3d3cifQ%3D%3D&ccb=17-1&_nc_gid=flNdMWpIgc9K5AqB4oqZ-w&_nc_ss=7a22e&_nc_zt=28&oh=00_AQK-TPWhn-i_Hzn7v_B_ol_3uM3wncPKelEQqFUzh2QUqg&oe=6AB53564","If you’ve been waiting for a reason to treat yourself, this is your sign.

📍 Only at Shooters Grill 😜😋

#ShootersGrill #SteakLovers #PerfectSizzle #GrillMasters #FoodieGram SteakNight",,,,,,,,"0","1136","640","https://scontent-ssn1-1.cdninstagram.com/v/t51.71878-15/802700504_1803997780637856_1678941839687073049_n.jpg?stp=dst-jpg_e15_tt6&_nc_cat=106&ig_cache_key=Mzk4MzEzNzQyMTAxNTc1ODA3MzE0MzExOTI2NzU1MzA3NDI%3D.3-ccb7-5&ccb=7-5&_nc_sid=58cdad&efg=eyJ2ZW5jb2RlX3RhZyI6IkNMSVBTLnhwaWRzLjY0MC5zZHIudmlkZW9fbmZyYW1lX2NvdmVyX2ZyYW1lLkMzIn0%3D&_nc_ohc=K3rIwl_VLMYQ7kNvwGW9-O1&_nc_oc=AdoMPmU5QJer3bLo-VUlBRUDyZKBJEEqCUhVdwGHFN-2J-KUCQ4_xyZGRFUGgD8j0Kg&_nc_ad=z-m&_nc_cid=1429&_nc_zt=23&_nc_ht=scontent-ssn1-1.cdninstagram.com&_nc_gid=flNdMWpIgc9K5AqB4oqZ-w&_nc_ss=7a22e&oh=00_AQKo766C_huyLrMMCfP568jA3rk3Hy041uPaPcTPXJ1sqw&oe=6AB91BF6","","ShootersGrill","SteakLovers","PerfectSizzle","GrillMasters","FoodieGram",,,"3983137421015758073","https://www.instagram.com/shooters_grill_dar/","false",,,,,,,,,,,,,,,,,,"7",,,,,"MOONLGHT","1045971950294971","false","","Free Bird","false","1920","1080","Shooters Grill","24523847377","shooters_grill_dar","false","clips","DdG8mF_NbT5",,,,,,"2026-09-10T13:32:32.000Z","Video","https://www.instagram.com/p/DdG8mF_NbT5/","16.184309","260","https://scontent-ssn1-1.cdninstagram.com/o1/v/t2/f2/m86/AQMz8ofzI6WKOGVpDG_NXVz2W7yoVhiPco2tZBEtP7MMquncHiodM4PlFUqAAHfY7kdbXo8t4s-7SGs7nPBHje8pSTttNUmccVMyYeY.mp4?_nc_cat=105&_nc_sid=5e9851&_nc_ht=scontent-ssn1-1.cdninstagram.com&_nc_ohc=FGmEO8UgexoQ7kNvwH6bED9&efg=eyJ2ZW5jb2RlX3RhZyI6Inhwdl9wcm9ncmVzc2l2ZS5JTlNUQUdSQU0uQ0xJUFMuQzMuNzIwLmRhc2hfYmFzZWxpbmVfMV92MSIsInhwdl9hc3NldF9pZCI6MTQzMTE5MDQyNTUzMDk2NywiYXNzZXRfYWdlX2RheXMiOjEyLCJ2aV91c2VjYXNlX2lkIjoxMDA5OSwiZHVyYXRpb25fcyI6MTYsInVybGdlbl9zb3VyY2UiOiJ3d3cifQ%3D%3D&ccb=17-1&vs=ded4806a3b881572&_nc_vs=HBksFQIYUmlnX3hwdl9yZWVsc19wZXJtYW5lbnRfc3JfcHJvZC8yODQ4OTY0MDAzQ0I4RkNDMTgyODY0QjQxQjFDNjc4NV92aWRlb19kYXNoaW5pdC5tcDQVAALIARIAFQIYUWlnX3hwdl9wbGFjZW1lbnRfcGVybWFuZW50X3YyLzI1NEMwM0I4QzRBODg4RjQxQ0U3QjEzOUY2NjFBQTlFX2F1ZGlvX2Rhc2hpbml0Lm1wNBUCAsgBEgAoABgAGwKIB3VzZV9vaWwBMRJwcm9ncmVzc2l2ZV9yZWNpcGUBMRUAACauydvOn-qKBRUCKAJDMywXQDAqfvnbItEYEmRhc2hfYmFzZWxpbmVfMV92MREAdf4HZeadAQA&_nc_gid=flNdMWpIgc9K5AqB4oqZ-w&_nc_ss=7a22e&_nc_zt=28&oh=00_AQKBsI3DHLYU1GsFjMA3jI1yOtHJVQFuuukTziEqPjiRqQ&oe=6AB52806","91"
"Photo by Shooters Grill on July 24, 2026.",,"Clocked out? Good. Drop the briefcase, loosen the tie, and let us take care of the rest. You've earned this. 💼❌🥩✔️

#yourcitysteakhouse #shootersgrill #steaklovers #insteakwetrust",,,,,,,,"0","1440","1440","https://instagram.fyyz1-1.fna.fbcdn.net/v/t51.82787-15/756632292_18121595362823378_6583087822712895087_n.webp?_nc_cat=100&_nc_map=urlgen_bucketless&ig_cache_key=Mzk0ODMyNzk4MTQ1MjM3MzMzNw%3D%3D.3-ccb7-5&ccb=7-5&_nc_sid=58cdad&efg=eyJ2ZW5jb2RlX3RhZyI6IkZFRUQueHBpZHMuMTQ0MC5zZHIucmVndWxhcl9waG90by5DMyJ9&_nc_ohc=oSg1vvChMh8Q7kNvwGAyUWh&_nc_oc=Adpzpl4AlbUiQ7tD8P_IZAUaaDFG56JtOdOn4VfIXrR9D1VnaG-sKLG7dLcmPtCvFig&_nc_ad=z-m&_nc_cid=0&_nc_zt=23&_nc_ht=instagram.fyyz1-1.fna&_nc_gid=9-gsWS__X3d8ZeG7wEpDSg&_nc_ss=7a22e&oh=00_AQID13RNktf7HHkkX_lhVByDtmnIHJklmD58HlrMsO13wA&oe=6AB907B2","","yourcitysteakhouse","shootersgrill","steaklovers","insteakwetrust",,,,"3948327981452373337","https://www.instagram.com/shooters_grill_dar/","false",,,,,,,,,,,,,,,,,,"3",,,,,,,,,,,"1440","1440","Shooters Grill","24523847377","shooters_grill_dar","false","feed","DbLR2FHNC1Z",,,,,,"2026-07-24T12:49:57.000Z","Image","https://www.instagram.com/p/DbLR2FHNC1Z/",,,,
"Photo by Shooters Grill on July 17, 2026.",,"If looks could kill, this steak would be dangerous. 🔥🤤

We’d apologize for making your mouth water, but honestly? It tastes even better than it looks. 😋

#yourcitysteakhouse #shootersgrill #steaklovers #insteakwetrust",,,,,,,,"0","1440","1440","https://instagram.fgdl16-1.fna.fbcdn.net/v/t51.82787-15/749584588_18120896716823378_2789854363038153045_n.webp?_nc_cat=104&_nc_map=urlgen_bucketless&ig_cache_key=Mzk0MzI2MDI1MTI1ODk0ODI5Mw%3D%3D.3-ccb7-5&ccb=7-5&_nc_sid=58cdad&efg=eyJ2ZW5jb2RlX3RhZyI6IkZFRUQueHBpZHMuMTQ0MC5zZHIucmVndWxhcl9waG90by5DMyJ9&_nc_ohc=j50comJpUrcQ7kNvwHaJIJv&_nc_oc=AdoekaJfa1Cl0c7QhjkUIEBbx-Pswv1sstdX-yOtx3cU6w3u5GNALI7EA2Ozer_DG7Q&_nc_ad=z-m&_nc_cid=0&_nc_zt=23&_nc_ht=instagram.fgdl16-1.fna&_nc_gid=i1TdMrYtwNEouju4gdzcCg&_nc_ss=7a22e&oh=00_AQLfqPvqy4dYtpjx4hIr3Jbp2-T-gY5E0CCeKEE7JkVdvQ&oe=6AB92D62","","yourcitysteakhouse","shootersgrill","steaklovers","insteakwetrust",,,,"3943260251258948293","https://www.instagram.com/shooters_grill_dar/","false",,,,,,,,,,,,,,,,,,"4",,,,,,,,,,,"1440","1440","Shooters Grill","24523847377","shooters_grill_dar","false","feed","Da5Rk5lNQrF",,,,,,"2026-07-17T13:01:17.000Z","Image","https://www.instagram.com/p/Da5Rk5lNQrF/",,,,
"Photo by Shooters Grill on July 08, 2026.",,"Because this week  deserves a reward. Maximum flavor is served. 🥩🔥

#ShootersGrill #SteakhouseAndBar #MidweekMotivation #GrillMaster #SteakDinner",,,,,,,,"0","2048","2048","https://instagram.fcvj5-1.fna.fbcdn.net/v/t39.30808-6/741215816_1696193452515610_916570646961686422_n.jpg?stp=dst-jpg_e35_tt6&_nc_cat=102&_nc_map=urlgen_bucketless&ig_cache_key=MzkzNzI2NTMyMjcwMTAxMTEzOQ%3D%3D.3-ccb7-5&ccb=7-5&_nc_sid=58cdad&efg=eyJ2ZW5jb2RlX3RhZyI6IkZFRUQueHBpZHMuMjA0OC5zZHIucmVndWxhcl9waG90by5DMyJ9&_nc_ohc=Iv-U47XvK1wQ7kNvwEImEe3&_nc_oc=AdrlH_WmnVzsfxXpkuojEdIRzt5bCV-SXwCBVBBM8iYuP29yRApce9cPZZyomjBbgkVOsEB0wxdKkD0AWV8Tw_rB&_nc_ad=z-m&_nc_cid=0&_nc_zt=23&_nc_ht=instagram.fcvj5-1.fna&_nc_gid=QyXQsqzJXjugTAxUEecT9w&_nc_ss=7a22e&oh=00_AQKJig08d7jRAeSwccew3Vk_FsDG_oncZFNu2CFGmc9YfA&oe=6AB90190","","ShootersGrill","SteakhouseAndBar","MidweekMotivation","GrillMaster","SteakDinner",,,"3937265322701011139","https://www.instagram.com/shooters_grill_dar/","false",,,,,,,,,,,,,,,,,,"6",,,,,,,,,,,"2048","2048","Shooters Grill","24523847377","shooters_grill_dar","false","feed","Daj-fNSDrjD",,,,,,"2026-07-09T06:30:24.000Z","Image","https://www.instagram.com/p/Daj-fNSDrjD/",,,,
"Photo by Shooters Grill on July 19, 2026.",,"Hard truth: Life is too short for a mediocre dinner. We don’t cut corners, and we don’t compromise on quality. Come get the real deal.

#yourcitysteakhouse #shootersgrill #steaklovers #insteakwetrust",,,,,,,,"0","1440","1440","https://scontent-yyz1-1.cdninstagram.com/v/t51.82787-15/753169448_18121183828823378_4144294390728482266_n.webp?_nc_cat=104&ig_cache_key=Mzk0NTIxNjQxMzAwNTA2ODUxNA%3D%3D.3-ccb7-5&ccb=7-5&_nc_sid=58cdad&efg=eyJ2ZW5jb2RlX3RhZyI6IkZFRUQueHBpZHMuMTQ0MC5zZHIucmVndWxhcl9waG90by5DMyJ9&_nc_ohc=GWFVG13dkPAQ7kNvwFtWp2c&_nc_oc=AdraFVvfqbe5T1j9Ie_FdXzZeD3qWv7PXyApFUr25-0no04U2RpZpRSN4ZbcGCogNLY&_nc_ad=z-m&_nc_cid=0&_nc_zt=23&_nc_ht=scontent-yyz1-1.cdninstagram.com&_nc_gid=Qf9zSrUxd6Ln8WvD_gmZGA&_nc_ss=7a22e&oh=00_AQLsRx4jWMjqBmDWo8FesU_mLU7MCTgRfnBHXuoOhwZHuA&oe=6AB91728","","yourcitysteakhouse","shootersgrill","steaklovers","insteakwetrust",,,,"3945216413005068514","https://www.instagram.com/shooters_grill_dar/","false",,,,,,,,,,,,,,,,,,"3",,,,,,,,,,,"1440","1440","Shooters Grill","24523847377","shooters_grill_dar","false","feed","DbAOWzLNTji",,,,,,"2026-07-20T05:47:50.000Z","Image","https://www.instagram.com/p/DbAOWzLNTji/",,,,
"Photo by Shooters Grill on July 28, 2026.",,"Make dinner an event, not just a meal. Treat yourself to the ultimate steakhouse experience tonight.😋

#yourcitysteakhouse #shootersgrill #steaklovers #insteakwetrust",,,,,,,,"0","1440","1440","https://instagram.fman4-2.fna.fbcdn.net/v/t51.82787-15/759513216_18121998697823378_2394106262878947444_n.webp?_nc_cat=106&_nc_map=urlgen_bucketless&ig_cache_key=Mzk1MTIwNDI5MjY4ODgxNTYyOQ%3D%3D.3-ccb7-5&ccb=7-5&_nc_sid=58cdad&efg=eyJ2ZW5jb2RlX3RhZyI6IkZFRUQueHBpZHMuMTQ0MC5zZHIucmVndWxhcl9waG90by5DMyJ9&_nc_ohc=KlWFVOY5Q44Q7kNvwF-7uSy&_nc_oc=AdoUkSXd2QClMcxSG2llilxi5EPz4vvqJZA0fYevkI5XnFoq1bxKHlveRyWKciuMY_IlV3zdzTAGTi-olQczx0gn&_nc_ad=z-m&_nc_cid=0&_nc_zt=23&_nc_ht=instagram.fman4-2.fna&_nc_gid=OX4qW5OIyxyd91Q01ZYEFQ&_nc_ss=7a22e&oh=00_AQLfp1jX4_Xvy8rxRmvwDTHcNDYK3-o2sl60YOAGyXzJiw&oe=6AB91FC0","","yourcitysteakhouse","shootersgrill","steaklovers","insteakwetrust",,,,"3951204292688815629","https://www.instagram.com/shooters_grill_dar/","false",,,,,,,,,,,,,,,,,,"3",,,,,,,,,,,"1440","1440","Shooters Grill","24523847377","shooters_grill_dar","false","feed","DbVf16styYN",,,,,,"2026-07-28T12:04:41.000Z","Image","https://www.instagram.com/p/DbVf16styYN/",,,,
"Photo by Shooters Grill on August 04, 2026.",,"Exceptional quality is our baseline. Pull up a chair and let us show you how we do things differently.😇🥰

#yourcitysteakhouse  #shootersgrill  #steaklovers  #insteakwetrust",,,,,,,,"0","1440","1440","https://instagram.fpoz4-1.fna.fbcdn.net/v/t51.82787-15/763332063_18122709931823378_2169103975017350090_n.webp?_nc_cat=101&_nc_map=urlgen_bucketless&ig_cache_key=Mzk1NjM5MjMwMDI4NzI5Mzg0OA%3D%3D.3-ccb7-5&ccb=7-5&_nc_sid=58cdad&efg=eyJ2ZW5jb2RlX3RhZyI6IkZFRUQueHBpZHMuMTQ0MC5zZHIucmVndWxhcl9waG90by5DMyJ9&_nc_ohc=k8cw6S9fVFQQ7kNvwF3frJy&_nc_oc=AdpKVF_uoK4S5NSjHE-rX2efIT_6PMXiOaoE2jbkhKBSRSsUMtlTKXV5i0oOoppb-Gc&_nc_ad=z-m&_nc_cid=0&_nc_zt=23&_nc_ht=instagram.fpoz4-1.fna&_nc_gid=VwktONDN2rxauQk9SMpp_A&_nc_ss=7a22e&oh=00_AQLEnlPDVxwkg0TMkmGTtawfCjoa0LVhSWJGkh_qyn_X5A&oe=6AB91A0C","","yourcitysteakhouse","shootersgrill","steaklovers","insteakwetrust",,,,"3956392300287293848","https://www.instagram.com/shooters_grill_dar/","false",,,,,,,,,,,,,,,,,,"3",,,,,,,,,,,"1440","1440","Shooters Grill","24523847377","shooters_grill_dar","false","feed","Dbn7dXStvmY",,,,,,"2026-08-04T15:52:19.000Z","Image","https://www.instagram.com/p/Dbn7dXStvmY/",,,,
"Video by Shooters Grill on July 31, 2026.","https://scontent-fra3-1.cdninstagram.com/o1/v/t2/f2/m78/AQNR0eIyf-DwItb7SwJ9vc-XNN-NNLYqw2072iH8Bf3EROsgtEnoA6e3oRRlYnUMKqqf6jGoT31zhZqlKbrTXQM639qzLTquE1n6PV4.mp4?_nc_cat=105&_nc_sid=9ca052&_nc_ht=scontent-fra3-1.cdninstagram.com&_nc_ohc=bOoODpgUmpQQ7kNvwGTwg_u&efg=eyJ2ZW5jb2RlX3RhZyI6ImlnLXhwdmRzLmNsaXBzLmMyLUMzLmRhc2hfbG5faGVhYWNfdmJyM19hdWRpbyIsInZpZGVvX2lkIjpudWxsLCJvaWxfdXJsZ2VuX2FwcF9pZCI6OTM2NjE5NzQzMzkyNDU5LCJjbGllbnRfbmFtZSI6ImlnIiwieHB2X2Fzc2V0X2lkIjo0NDc5MDU4OTcyMzMxMzQ3LCJhc3NldF9hZ2VfZGF5cyI6NTMsInZpX3VzZWNhc2VfaWQiOjEwMDk5LCJkdXJhdGlvbl9zIjo4LCJiaXRyYXRlIjo2NTMwMCwidXJsZ2VuX3NvdXJjZSI6Ind3dyJ9&ccb=17-1&_nc_gid=1z862vbJ3LwgOOi6iZjYSQ&_nc_ss=7a22e&_nc_zt=28&oh=00_AQIVNIZYEXtWZ4ecPZiVQYM1GgtvFJVZSzGk8B2TPmgIqQ&oe=6AB5378E","If this visual doesn't disrupt your dinner plans, we don't know what will. 🔥.

📍 Shooter’s Grill

#shootersgrill  #dinnersorted #meatlovers #sizzle",,,,,,,,"0","1136","640","https://scontent-fra3-1.cdninstagram.com/v/t51.71878-15/761113475_918448527284125_1048683801596905320_n.jpg?stp=dst-jpg_e15_tt6&_nc_cat=103&ig_cache_key=Mzk1MzQ5OTI5NjU4NTA5OTg3NzQ0NzkwNjAxMzg5OTc4OTc%3D.3-ccb7-5&ccb=7-5&_nc_sid=58cdad&efg=eyJ2ZW5jb2RlX3RhZyI6IkNMSVBTLnhwaWRzLjY0MC5zZHIudmlkZW9fbmZyYW1lX2NvdmVyX2ZyYW1lLkMzIn0%3D&_nc_ohc=ZzocgY3_ET4Q7kNvwHWWzn3&_nc_oc=AdrB1fiu0dMOj5amojSl4Quo1_r0m94EV_rAwTLdUp-smiyL4ZFj6ku2dzA0gLeSiMroWqS-yvaSbbTcgax2FdxU&_nc_ad=z-m&_nc_cid=0&_nc_zt=23&_nc_ht=scontent-fra3-1.cdninstagram.com&_nc_gid=1z862vbJ3LwgOOi6iZjYSQ&_nc_ss=7a22e&oh=00_AQJnh3pDXCHkdI7nwWl7o3hHQvn5Qm9CqTXeOdMTtU2fgQ&oe=6AB90A66","","shootersgrill","dinnersorted","meatlovers","sizzle",,,,"3953499296585099877","https://www.instagram.com/shooters_grill_dar/","false",,,,,,,,,,,,,,,,,,"14",,,,,"shooters_grill_dar","27777030608617483","false","","Original audio","true","1920","1080","Shooters Grill","24523847377","shooters_grill_dar","false","clips","Dbdpqnotipl",,,,,,"2026-07-31T16:05:48.000Z","Video","https://www.instagram.com/p/Dbdpqnotipl/","8.103765","612","https://scontent-fra5-2.cdninstagram.com/o1/v/t2/f2/m86/AQO4GqZ9m1Jla976u8KGqUu7IS7ZghGrvpeaFkcTyMq_lX9b-fVdtEcxBu2RJ40Fxet2gsRIbKmkJAD1EUEiyLIceuUV1zYZGgbH9-0.mp4?_nc_cat=106&_nc_sid=5e9851&_nc_ht=scontent-fra5-2.cdninstagram.com&_nc_ohc=uLcn4QjgQxgQ7kNvwG0x2P4&efg=eyJ2ZW5jb2RlX3RhZyI6Inhwdl9wcm9ncmVzc2l2ZS5JTlNUQUdSQU0uQ0xJUFMuQzMuNzIwLmRhc2hfYmFzZWxpbmVfMV92MSIsInhwdl9hc3NldF9pZCI6NDQ3OTA1ODk3MjMzMTM0NywiYXNzZXRfYWdlX2RheXMiOjUzLCJ2aV91c2VjYXNlX2lkIjoxMDA5OSwiZHVyYXRpb25fcyI6OCwidXJsZ2VuX3NvdXJjZSI6Ind3dyJ9&ccb=17-1&vs=cf425ad23e57f662&_nc_vs=HBksFQIYUmlnX3hwdl9yZWVsc19wZXJtYW5lbnRfc3JfcHJvZC82RjRCRUUyRjQ4OUE5QkI3OEEwQzYzQkQwQTU3RkM5OF92aWRlb19kYXNoaW5pdC5tcDQVAALIARIAFQIYUWlnX3hwdl9wbGFjZW1lbnRfcGVybWFuZW50X3YyL0Y0NDhDRTNGQjk2MzFEMDFDMEI2ODJGQUMxNjIzMDk3X2F1ZGlvX2Rhc2hpbml0Lm1wNBUCAsgBEgAoABgAGwKIB3VzZV9vaWwBMRJwcm9ncmVzc2l2ZV9yZWNpcGUBMRUAACamtcrvxev0DxUCKAJDMywXQCAzMzMzMzMYEmRhc2hfYmFzZWxpbmVfMV92MREAdf4HZeadAQA&_nc_gid=1z862vbJ3LwgOOi6iZjYSQ&_nc_ss=7a22e&_nc_zt=28&oh=00_AQK2jvARSTUJxpMu_Q8C9rTmCuDoQYIZFD5VtAJzuMteJw&oe=6AB519DF","178"
"Photo by Shooters Grill on August 16, 2026.",,"You can hear a good steak before you even see it. 🔥 Follow the sound right to our dining room😋

#yourcitysteakhouse #ShootersGrill #steaklovers #insteakwetrust",,,,,,,,"0","1440","1440","https://instagram.fktw1-1.fna.fbcdn.net/v/t51.82787-15/773995715_18123936205823378_4206725898157811918_n.webp?_nc_cat=109&_nc_map=urlgen_bucketless&ig_cache_key=Mzk2NTA2MzM2ODMwNDUwMjY1Nw%3D%3D.3-ccb7-5&ccb=7-5&_nc_sid=58cdad&efg=eyJ2ZW5jb2RlX3RhZyI6IkZFRUQueHBpZHMuMTQ0MC5zZHIucmVndWxhcl9waG90by5DMiJ9&_nc_ohc=xV-jLTA9JzgQ7kNvwG-PmWi&_nc_oc=Adq7Mx_yaqqFEcNKWGb36pS6KtNxnBDEpOSnA1D52BArB74k81tTBQ7dr8xUfF8V8VA&_nc_ad=z-m&_nc_cid=0&_nc_zt=23&_nc_ht=instagram.fktw1-1.fna&_nc_gid=FGsbhXSAxF1Bg25-1JQxwQ&_nc_ss=7a22e&oh=00_AQJ49zWVm9lsHuAgEo1dVJ28EeTCEQo5yDhlLwjk7rf-Hg&oe=6AB91AD8","","yourcitysteakhouse","ShootersGrill","steaklovers","insteakwetrust",,,,"3965063368304502657","https://www.instagram.com/shooters_grill_dar/","false",,,,,,,,,,,,,,,,,,"2",,,,,,,,,,,"1440","1440","Shooters Grill","24523847377","shooters_grill_dar","false","feed","DcGvCArtCeB",,,,,,"2026-08-16T15:00:11.000Z","Image","https://www.instagram.com/p/DcGvCArtCeB/",,,,
"Photo by Shooters Grill on July 15, 2026.",,"It’s simple, it's classic, and it's exactly how steak is supposed to taste. 🪵🔥

	#yourcitysteakhouse #shootersgrill #steaklovers #insteakwetrust",,,,,,,,"0","1440","1440","https://scontent-cdg4-1.cdninstagram.com/v/t51.82787-15/749096342_18120701509823378_4597324120527398599_n.webp?_nc_cat=104&ig_cache_key=Mzk0MTkwNDgxOTA4MDgxNDc2Mg%3D%3D.3-ccb7-5&ccb=7-5&_nc_sid=58cdad&efg=eyJ2ZW5jb2RlX3RhZyI6IkZFRUQueHBpZHMuMTQ0MC5zZHIucmVndWxhcl9waG90by5DMyJ9&_nc_ohc=LCzUug6o4b0Q7kNvwEoH4Rs&_nc_oc=AdoPb5FedVYY2EZf1mwYGspc2OdlF2arpwWeyry1XZ-ECovHmHn5oNIj5n_yQ4dGeVstR9bMr8UKFDWjCD2Z9DZx&_nc_ad=z-m&_nc_cid=0&_nc_zt=23&_nc_ht=scontent-cdg4-1.cdninstagram.com&_nc_gid=KuiIBdpvz8o4i1wuLLiPBg&_nc_ss=7a22e&oh=00_AQKzm51_FKerwCnY3PEogQpIcqKHBxG39kJwQFnqECqFEg&oe=6AB916AA","","yourcitysteakhouse","shootersgrill","steaklovers","insteakwetrust",,,,"3941904819080814762","https://www.instagram.com/shooters_grill_dar/","false",,,,,,,,,,,,,,,,,,"4",,,,,,,,,,,"1440","1440","Shooters Grill","24523847377","shooters_grill_dar","false","feed","Da0dYw_tmCq",,,,,,"2026-07-15T16:08:17.000Z","Image","https://www.instagram.com/p/Da0dYw_tmCq/",,,,
"Photo by Shooters Grill on June 27, 2026.",,"",,,,,,,,"0","1800","1440","https://scontent-yyz1-1.cdninstagram.com/v/t51.82787-15/731105062_18118874110823378_7900875897906890781_n.webp?_nc_cat=104&ig_cache_key=MzkyODY3NTA4ODkzMTkxNzE1MA%3D%3D.3-ccb7-5&ccb=7-5&_nc_sid=58cdad&efg=eyJ2ZW5jb2RlX3RhZyI6IkZFRUQueHBpZHMuMTQ0MC5zZHIucmVndWxhcl9waG90by5DMyJ9&_nc_ohc=yRgh321dCg8Q7kNvwGjKwG0&_nc_oc=Ado5NiLdpZ5yAvJ_HAWePXEo2KQb3P5HFwn7jXuJpKNQ5tyjKJ25eC-vk3ker1l4hKA&_nc_ad=z-m&_nc_cid=0&_nc_zt=23&_nc_ht=scontent-yyz1-1.cdninstagram.com&_nc_gid=BIyT0Bmjtb6XJ7yGJ2gd-w&_nc_ss=7a22e&oh=00_AQJxAz_l88YLSX5rggy6PaTk30INpXaKUxgjlOGb4SgV7g&oe=6AB921B6","",,,,,,,,"3928675088931917150","https://www.instagram.com/shooters_grill_dar/","false",,,,,,,,,,,,,,,,,,"5",,,,,,,,,,,"1800","1440","Shooters Grill","24523847377","shooters_grill_dar","false","feed","DaFdS2pto1e",,,,,,"2026-06-27T10:03:10.000Z","Image","https://www.instagram.com/p/DaFdS2pto1e/",,,,
"Photo by Shooters Grill on May 27, 2026.",,"If you're trying to skip the midday slump or just need to reward yourself after a long week, this is the move. 🪵🔥

#ShootersGrillDar #DarEsSalaam #oysterbaydar #dareats #darfoodies",,,,,,,,"0","1440","1440","https://instagram.fktw1-1.fna.fbcdn.net/v/t51.82787-15/708015578_18115736626823378_8480276367508652798_n.webp?_nc_cat=100&_nc_map=urlgen_bucketless&ig_cache_key=MzkwNjIzNDI1MTY2MDg3NjM2OA%3D%3D.3-ccb7-5&ccb=7-5&_nc_sid=58cdad&efg=eyJ2ZW5jb2RlX3RhZyI6IkZFRUQueHBpZHMuMTQ0MC5zZHIucmVndWxhcl9waG90by5DMyJ9&_nc_ohc=OGXXTbrdtOIQ7kNvwHfflE0&_nc_oc=AdrFuHxgXhqhGQdcb7f6GHqqO9VONmxgK5lllCIfZ_kl9nQ7muMY1wQK3gw79JxSva1xRT0-7vj70cyRYhDqsWdN&_nc_ad=z-m&_nc_cid=0&_nc_zt=23&_nc_ht=instagram.fktw1-1.fna&_nc_gid=6DoEbbeGLgnSMum3bAaKPw&_nc_ss=7a22e&oh=00_AQIwZykwg37UMJvRX8mIcV8fA6gqbMxED6dGmOsf6AZkOA&oe=6AB8FEFD","","ShootersGrillDar","DarEsSalaam","oysterbaydar","dareats","darfoodies",,,"3906234251660876368","https://www.instagram.com/shooters_grill_dar/","false",,,,,,,,,,,,,,,,,,"5",,,,,,,,,,,"1440","1440","Shooters Grill","24523847377","shooters_grill_dar","false","feed","DY1u1sTtdpQ",,,,,,"2026-05-27T10:57:14.000Z","Image","https://www.instagram.com/p/DY1u1sTtdpQ/",,,,
"Photo by Shooters Grill on May 28, 2026.",,"",,,,,,,,"0","1440","1440","https://scontent-mrs2-2.cdninstagram.com/v/t51.82787-15/708088300_18115848637823378_2580433300608780842_n.webp?_nc_cat=107&ig_cache_key=MzkwNzAxMjYxNDA2MzM3MTUzNg%3D%3D.3-ccb7-5&ccb=7-5&_nc_sid=58cdad&efg=eyJ2ZW5jb2RlX3RhZyI6IkZFRUQueHBpZHMuMTQ0MC5zZHIucmVndWxhcl9waG90by5DMyJ9&_nc_ohc=ZxxiGxBbZrEQ7kNvwFmmO-K&_nc_oc=Adp9flK1ED-tXVbaRSjQmg-fbTw6bxtNbGZ6Vk8oswqsKmvRGPSwlTzMKmI6DhjzLmcrSxMM2GsVA-jnmAsMOQKF&_nc_ad=z-m&_nc_cid=0&_nc_zt=23&_nc_ht=scontent-mrs2-2.cdninstagram.com&_nc_gid=rrKCF6kCXhZ_vc9FGnPc9Q&_nc_ss=7a22e&oh=00_AQIj21MbNqGRrWltRxdDXSzYFP94ddNHnu7UZt9JflrsNQ&oe=6AB9056E","",,,,,,,,"3907012614063371536","https://www.instagram.com/shooters_grill_dar/","false",,,,,,,,,,,,,,,,,,"3",,,,,,,,,,,"1440","1440","Shooters Grill","24523847377","shooters_grill_dar","false","feed","DY4f0WyN7UQ",,,,,,"2026-05-28T12:43:42.000Z","Image","https://www.instagram.com/p/DY4f0WyN7UQ/",,,,
"Video by Shooters Grill on July 05, 2026.","https://scontent-mad2-1.cdninstagram.com/o1/v/t2/f2/m78/AQMdusXrq9a6rnpmG8lnCRhv2Hxp9-tr40PvbXlpDncqh7clleZRZkoe1gj-D0xsHX4nNtrSj_leImyVRxQpeGFZQBR_5PJCIImwt9c.mp4?_nc_cat=110&_nc_sid=9ca052&_nc_ht=scontent-mad2-1.cdninstagram.com&_nc_ohc=xgWbUJygOdQQ7kNvwHm75Pd&efg=eyJ2ZW5jb2RlX3RhZyI6ImlnLXhwdmRzLmNsaXBzLmMyLUMzLmRhc2hfbG5faGVhYWNfdmJyM19hdWRpbyIsInZpZGVvX2lkIjpudWxsLCJvaWxfdXJsZ2VuX2FwcF9pZCI6OTM2NjE5NzQzMzkyNDU5LCJjbGllbnRfbmFtZSI6ImlnIiwieHB2X2Fzc2V0X2lkIjo5ODgwMTc2NDQyMTk5ODYsImFzc2V0X2FnZV9kYXlzIjo3OSwidmlfdXNlY2FzZV9pZCI6MTAwOTksImR1cmF0aW9uX3MiOjksImJpdHJhdGUiOjUwMjIwLCJ1cmxnZW5fc291cmNlIjoid3d3In0%3D&ccb=17-1&_nc_gid=_s5tAI6f7r2Nsc2pIwII6A&_nc_ss=7a22e&_nc_zt=28&oh=00_AQIMVOdRyzhQvxRHWhPOaHbNZOS95ZysBCuSjNccQ9Rb5w&oe=6AB538EB","Grab a seat on the deck and let’s get dinner started.

#ShootersGrill #steakhouse #goodvibes #rooftopdining #meatlovers",,,,,,,,"0","1136","640","https://scontent-mad1-1.cdninstagram.com/v/t51.71878-15/735002971_1560521702090518_959853441881045152_n.jpg?stp=dst-jpg_e15_tt6&_nc_cat=101&ig_cache_key=MzkzNDYxMzI5MTAyNzI4MTQxODk4ODAxOTE3MDg4NjUwMA%3D%3D.3-ccb7-5&ccb=7-5&_nc_sid=58cdad&efg=eyJ2ZW5jb2RlX3RhZyI6IkNMSVBTLnhwaWRzLjY0MC5zZHIudmlkZW9fbmZyYW1lX2NvdmVyX2ZyYW1lLkMzIn0%3D&_nc_ohc=b7kbMsbQuwIQ7kNvwFdDmrA&_nc_oc=Adrko5Hb8Ndc5ki_xKFvw48QqMkedaIkk6NfCevTcTFEqkNFySvzlTNRnRYH1irzo30&_nc_ad=z-m&_nc_cid=0&_nc_zt=23&_nc_ht=scontent-mad1-1.cdninstagram.com&_nc_gid=_s5tAI6f7r2Nsc2pIwII6A&_nc_ss=7a22e&oh=00_AQJrAlSKoaDh9-bzGNxjYih9ri-IZ-52cqTdEf1DIdDf7w&oe=6AB8FDEA","","ShootersGrill","steakhouse","goodvibes","rooftopdining","meatlovers",,,"3934613291027281418","https://www.instagram.com/shooters_grill_dar/","false",,,,,,,,,,,,,,,,,,"4",,,,,"shooters_grill_dar","28734557229477847","false","","Original audio","true","1920","1080","Shooters Grill","24523847377","shooters_grill_dar","false","clips","DaajfEUNjYK",,,,,,"2026-07-05T14:43:04.000Z","Video","https://www.instagram.com/p/DaajfEUNjYK/","9.613061","975","https://scontent-mad1-1.cdninstagram.com/o1/v/t2/f2/m86/AQN4eIgC0EZn2tdfm4lh1BNELJ085ANbiACYExqnpGMOCbA6Y4uOqXps3FfosoPATqJaDpmC_eItKw1UfzjBLf58WBiROWKigOAc9c0.mp4?_nc_cat=102&_nc_sid=5e9851&_nc_ht=scontent-mad1-1.cdninstagram.com&_nc_ohc=1uJAYu6gfa0Q7kNvwHofpTm&efg=eyJ2ZW5jb2RlX3RhZyI6Inhwdl9wcm9ncmVzc2l2ZS5JTlNUQUdSQU0uQ0xJUFMuQzMuNzIwLmRhc2hfYmFzZWxpbmVfMV92MSIsInhwdl9hc3NldF9pZCI6OTg4MDE3NjQ0MjE5OTg2LCJhc3NldF9hZ2VfZGF5cyI6NzksInZpX3VzZWNhc2VfaWQiOjEwMDk5LCJkdXJhdGlvbl9zIjo5LCJ1cmxnZW5fc291cmNlIjoid3d3In0%3D&ccb=17-1&vs=d3eabe7d33410528&_nc_vs=HBksFQIYUmlnX3hwdl9yZWVsc19wZXJtYW5lbnRfc3JfcHJvZC9ERTQ4Q0FGMjM2NTY5NTgwMTYwNjRFN0FEMzM5MDdCN192aWRlb19kYXNoaW5pdC5tcDQVAALIARIAFQIYUWlnX3hwdl9wbGFjZW1lbnRfcGVybWFuZW50X3YyLzE5NDNCQkQ3OTNCMkVFMTBEQkQ3REMzQUU5OTg5M0E1X2F1ZGlvX2Rhc2hpbml0Lm1wNBUCAsgBEgAoABgAGwKIB3VzZV9vaWwBMRJwcm9ncmVzc2l2ZV9yZWNpcGUBMRUAACakubmLmabBAxUCKAJDMywXQCMAAAAAAAAYEmRhc2hfYmFzZWxpbmVfMV92MREAdf4HZeadAQA&_nc_gid=_s5tAI6f7r2Nsc2pIwII6A&_nc_ss=7a22e&_nc_zt=28&oh=00_AQLzA2WZ__eA6d0aRbhxSPGntIZU9o1RUXlrMaPdTxkA-w&oe=6AB53037","322"
"Video by Shooters Grill on June 30, 2026.","https://scontent-cdg4-1.cdninstagram.com/o1/v/t2/f2/m78/AQNiwWP68vwFdo948CVFbXvjJN1nFm9i3tGdtzrtOeHLIFLF6LLPat8KmCN5fQb4UWOwhnsIVkfk9XjZcm9cBUFzZWgp238noc21vlY.mp4?_nc_cat=104&_nc_sid=9ca052&_nc_ht=scontent-cdg4-1.cdninstagram.com&_nc_ohc=pEP8N4imvwMQ7kNvwHfa7rQ&efg=eyJ2ZW5jb2RlX3RhZyI6ImlnLXhwdmRzLmNsaXBzLmMyLUMzLmRhc2hfbG5faGVhYWNfdmJyM19hdWRpbyIsInZpZGVvX2lkIjpudWxsLCJvaWxfdXJsZ2VuX2FwcF9pZCI6OTM2NjE5NzQzMzkyNDU5LCJjbGllbnRfbmFtZSI6ImlnIiwieHB2X2Fzc2V0X2lkIjoxNzUxNjIzNDU5MTYzODIyLCJhc3NldF9hZ2VfZGF5cyI6ODQsInZpX3VzZWNhc2VfaWQiOjEwMDk5LCJkdXJhdGlvbl9zIjoyMCwiYml0cmF0ZSI6NzA3NjQsInVybGdlbl9zb3VyY2UiOiJ3d3cifQ%3D%3D&ccb=17-1&_nc_gid=V9fjNTKk0GejMBeNDFm5kw&_nc_ss=7a22e&_nc_zt=28&oh=00_AQKOKmCWzrMQnFba_EAdWHtxQkbuUgzDXYovb3YQAhOtqQ&oe=6AB52A5D","Cap off your day with premium cuts and craft cocktails because we’ve got your perfect evening lined up. 🔥🍷

#ShootersGrill #steakhouse #barandgrill #steaklovers #finedining",,,,,,,,"0","1280","720","https://scontent-cdg4-1.cdninstagram.com/v/t51.82787-15/730244712_18119191372823378_4945737970039005036_n.jpg?stp=dst-jpg_e15_tt6&_nc_cat=102&ig_cache_key=MzkzMDk2MTY2MDA5NjE3Njc0MzE4MTE5MTkxMzY5ODIzMzc4.3-ccb7-5&ccb=7-5&_nc_sid=58cdad&efg=eyJ2ZW5jb2RlX3RhZyI6IkNMSVBTLnhwaWRzLjcyMC5zZHIudmlkZW9fZGVmYXVsdF9jb3Zlcl9mcmFtZS5DMyJ9&_nc_ohc=ClEOd5xEfZAQ7kNvwFMmr8J&_nc_oc=Adq1luRIPge7FmDD_mxsLcC4KZLhloqwYkp46YIOyAXv7Ca47YIwISvsrXHrKDthkgg&_nc_ad=z-m&_nc_cid=0&_nc_zt=23&_nc_ht=scontent-cdg4-1.cdninstagram.com&_nc_gid=V9fjNTKk0GejMBeNDFm5kw&_nc_ss=7a22e&oh=00_AQL8L9M5R3TSO88b6DVPWcL7Mi7NzDxk-m45MPWtl3j2fw&oe=6AB90BA7","","ShootersGrill","steakhouse","barandgrill","steaklovers","finedining",,,"3930961660096176743","https://www.instagram.com/shooters_grill_dar/","false",,,,,,,,,,,,,,,,,,"13",,,,,"shooters_grill_dar","27687421324222932","false","","Original audio","true","1920","1080","Shooters Grill","24523847377","shooters_grill_dar","false","clips","DaNlM1_tmJn",,,,,,"2026-06-30T13:47:22.000Z","Video","https://www.instagram.com/p/DaNlM1_tmJn/","20.06204","687","https://scontent-cdg6-1.cdninstagram.com/o1/v/t2/f2/m86/AQNmhqn2YCpmk47QnA1jvGIvuAPvhPZtDmV4BMQfWLDZJzzm_Tx5tqBVUOMtcC526A2ptjMElCGUwvfJaMnE1kUCievyOBAcWwWrNCk.mp4?_nc_cat=103&_nc_sid=5e9851&_nc_ht=scontent-cdg6-1.cdninstagram.com&_nc_ohc=bBK41hPuRysQ7kNvwFHl2j3&efg=eyJ2ZW5jb2RlX3RhZyI6Inhwdl9wcm9ncmVzc2l2ZS5JTlNUQUdSQU0uQ0xJUFMuQzMuNzIwLmRhc2hfYmFzZWxpbmVfMV92MSIsInhwdl9hc3NldF9pZCI6MTc1MTYyMzQ1OTE2MzgyMiwiYXNzZXRfYWdlX2RheXMiOjg0LCJ2aV91c2VjYXNlX2lkIjoxMDA5OSwiZHVyYXRpb25fcyI6MjAsInVybGdlbl9zb3VyY2UiOiJ3d3cifQ%3D%3D&ccb=17-1&vs=c3ef1791d969d28&_nc_vs=HBksFQIYUmlnX3hwdl9yZWVsc19wZXJtYW5lbnRfc3JfcHJvZC83MTQ4M0VGM0Y1M0RGNTk1MDVGRjI4RkFGRjlDQTc5Nl92aWRlb19kYXNoaW5pdC5tcDQVAALIARIAFQIYUWlnX3hwdl9wbGFjZW1lbnRfcGVybWFuZW50X3YyL0I5NDJCMDBBNENGRURDREIxRkY3MjQ3NENEOEIyQ0E3X2F1ZGlvX2Rhc2hpbml0Lm1wNBUCAsgBEgAoABgAGwKIB3VzZV9vaWwBMRJwcm9ncmVzc2l2ZV9yZWNpcGUBMRUAACbcuoLh88WcBhUCKAJDMywXQDQIcrAgxJwYEmRhc2hfYmFzZWxpbmVfMV92MREAdf4HZeadAQA&_nc_gid=V9fjNTKk0GejMBeNDFm5kw&_nc_ss=7a22e&_nc_zt=28&oh=00_AQJJtJJV_YxrlU-uBwWwh_7vyZuLNU2dRhq1WYVvCogp9Q&oe=6AB53360","174"
"Photo by Shooters Grill on June 18, 2026.",,"",,,,,,,,"0","1440","1440","https://scontent-waw2-1.cdninstagram.com/v/t51.82787-15/727190071_18117986098823378_8869780608849484141_n.webp?_nc_cat=104&ig_cache_key=MzkyMjMzMDM5MjcyNjk2ODE4NQ%3D%3D.3-ccb7-5&ccb=7-5&_nc_sid=58cdad&efg=eyJ2ZW5jb2RlX3RhZyI6IkZFRUQueHBpZHMuMTQ0MC5zZHIucmVndWxhcl9waG90by5DMyJ9&_nc_ohc=XUq0ADzAynQQ7kNvwERJFkI&_nc_oc=Adpy1RKhwkW3wRMMPain2C9z6U7bFHvg1qEduyloiSyKC-VRjsEiIoST1uelCw2doXWrc6tcAp4AP9J2Soo7AahB&_nc_ad=z-m&_nc_cid=0&_nc_zt=23&_nc_ht=scontent-waw2-1.cdninstagram.com&_nc_gid=JXNZ_J3oEzYDP1Xb8RDvEQ&_nc_ss=7a22e&oh=00_AQJdBaXECQ6pxczPfhJixw2PGPJe-0hoJ3ZnOFvjIHvCdw&oe=6AB90666","",,,,,,,,"3922330392726968185","https://www.instagram.com/shooters_grill_dar/","false",,,,,,,,,,,,,,,,,,"6",,,,,,,,,,,"1440","1440","Shooters Grill","24523847377","shooters_grill_dar","false","feed","DZu6rX2NZd5",,,,,,"2026-06-18T15:57:25.000Z","Image","https://www.instagram.com/p/DZu6rX2NZd5/",,,,
"Photo by Shooters Grill on June 13, 2026.",,"Layers of pure perfection at Shooters Grill. 😋🥰

#ShootersGrill #burgerlovers #steakhouseandbar #burgertime🍔 #frydayeveryday",,,,,,,,"0","1440","1440","https://instagram.fbsb3-1.fna.fbcdn.net/v/t51.82787-15/722934830_18117493636823378_5313777180263544561_n.webp?_nc_cat=109&_nc_map=urlgen_bucketless&ig_cache_key=MzkxODY0MzUzNzA5OTgyNzYyOQ%3D%3D.3-ccb7-5&ccb=7-5&_nc_sid=58cdad&efg=eyJ2ZW5jb2RlX3RhZyI6IkZFRUQueHBpZHMuMTQ0MC5zZHIucmVndWxhcl9waG90by5DMyJ9&_nc_ohc=r8cNaK1xlDUQ7kNvwFHW01i&_nc_oc=Adrcyu78ll0Yh27axOtHbjkv1MU6rkeIEQvQO6YBa6J8Dm-rKBNyjeDvPx9jQ9tWwII&_nc_ad=z-m&_nc_cid=0&_nc_zt=23&_nc_ht=instagram.fbsb3-1.fna&_nc_gid=4bZ7mJ7zVAcaUck6LxfMvw&_nc_ss=7a22e&oh=00_AQKwIwv9TmvLA3sCMEMx8vO-UgxYyJNlR2a_qrXd7i3wjA&oe=6AB9313F","","ShootersGrill","burgerlovers","steakhouseandbar","burgertime🍔","frydayeveryday",,,"3918643537099827629","https://www.instagram.com/shooters_grill_dar/","false",,,,,,,,,,,,,,,,,,"5",,,,,,,,,,,"1440","1440","Shooters Grill","24523847377","shooters_grill_dar","false","feed","DZh0Yj-Nymt",,,,,,"2026-06-13T13:52:16.000Z","Image","https://www.instagram.com/p/DZh0Yj-Nymt/",,,,
"Photo by Shooters Grill on June 08, 2026.",,"",,,,,,,,"0","1440","1152","https://scontent-mxp1-1.cdninstagram.com/v/t51.82787-15/719970008_18116997934823378_6704568713623782036_n.webp?_nc_cat=106&ig_cache_key=MzkxNDk3MzEyNzE0NTQ5MTk0Ng%3D%3D.3-ccb7-5&ccb=7-5&_nc_sid=58cdad&efg=eyJ2ZW5jb2RlX3RhZyI6IkZFRUQueHBpZHMuMTE1Mi5zZHIucmVndWxhcl9waG90by5DMyJ9&_nc_ohc=e5wHFZ8cNMoQ7kNvwHlNMDp&_nc_oc=AdqHp_wxwGIirYztFlOdJdto5uswFcfEjUyT26Bc-ziXkv2hoLgZi4oyowJgo-0kFaM&_nc_ad=z-m&_nc_cid=0&_nc_zt=23&_nc_ht=scontent-mxp1-1.cdninstagram.com&_nc_gid=odY65E8CdtfU8GEM3uAM2w&_nc_ss=7a22e&oh=00_AQIDek4HoZmjO_OBe9AIDdsG4VdSNePZo2UXGLW67t3xKw&oe=6AB91239","",,,,,,,,"3914973127145491946","https://www.instagram.com/shooters_grill_dar/","false",,,,,,,,,,,,,,,,,,"3",,,,,,,,,,,"1440","1152","Shooters Grill","24523847377","shooters_grill_dar","false","feed","DZUx1EUtQ3q",,,,,,"2026-06-08T12:23:29.000Z","Image","https://www.instagram.com/p/DZUx1EUtQ3q/",,,,
"Photo by Shooters Grill on July 12, 2026.",,"That perfect crust doesn’t happen by accident. It takes patience, high heat, and a whole lot of pride. Come taste the difference tonight. 🔥

#YourCitySteakhouse #shootersgrill #steaktime #steaklovers",,,,,,,,"0","1080","1080","https://scontent-itm1-1.cdninstagram.com/v/t51.82787-15/744955144_18120392182823378_7725772643776790171_n.webp?_nc_cat=111&ig_cache_key=MzkzOTY5NzMwMDg0MTMyMTU0MA%3D%3D.3-ccb7-5&ccb=7-5&_nc_sid=58cdad&efg=eyJ2ZW5jb2RlX3RhZyI6IkZFRUQueHBpZHMuMTA4MC5zZHIucmVndWxhcl9waG90by5DMyJ9&_nc_ohc=ZpTpEgocY_8Q7kNvwGf07S_&_nc_oc=AdrdH9vyYTmRN-0Kz3iZ0MOj3oJ4ws_Lzj2fzFV1bnD-cPS-I05SS2JD7k6hvcNTjew&_nc_ad=z-m&_nc_cid=1699&_nc_zt=23&_nc_ht=scontent-itm1-1.cdninstagram.com&_nc_gid=heuApMcCO3TDLO_X0JLtaw&_nc_ss=7a22e&oh=00_AQKg0DQBaf71trW5bAXmV5Lo6rqu-v1KNdraBIVne8ZoqA&oe=6AB93064","","YourCitySteakhouse","shootersgrill","steaktime","steaklovers",,,,"3939697300841321540","https://www.instagram.com/shooters_grill_dar/","false",,,,,,,,,,,,,,,,,,"5",,,,,,,,,,,"1080","1080","Shooters Grill","24523847377","shooters_grill_dar","false","feed","DasndJbNlRE",,,,,,"2026-07-12T15:02:21.000Z","Image","https://www.instagram.com/p/DasndJbNlRE/",,,,
"Photo by Shooters Grill on August 08, 2026.",,"Today, we raise a glass to the hands that feed the nation and build a brighter tomorrow. 🌾🥩

#happynanenane #ShootersGrill #farmersday #tanzania #steakhouseandbar",,,,,,,,"0","1440","1440","https://instagram.fcgh3-1.fna.fbcdn.net/v/t51.82787-15/768420753_18123055441823378_5757191174549299351_n.webp?_nc_cat=106&_nc_map=urlgen_bucketless&ig_cache_key=Mzk1OTAzNTkzOTU2MzkzODA2MA%3D%3D.3-ccb7-5&ccb=7-5&_nc_sid=58cdad&efg=eyJ2ZW5jb2RlX3RhZyI6IkZFRUQueHBpZHMuMTQ0MC5zZHIucmVndWxhcl9waG90by5DMyJ9&_nc_ohc=cFXMkPhXN2EQ7kNvwH1oN51&_nc_oc=AdrwkY68xifqMJz2OYCLJGmqDzdepvYtB0eM_NmmoVZj5MilR8oXec1XfL_T0ZfKfcI&_nc_ad=z-m&_nc_cid=0&_nc_zt=23&_nc_ht=instagram.fcgh3-1.fna&_nc_gid=AvSYIAf811MfjLwTfFTu9w&_nc_ss=7a22e&oh=00_AQIl2dzMuop7SoUPuKND3o_NcKBQsCDGLmgm1d4CaxmjMQ&oe=6AB92305","","happynanenane","ShootersGrill","farmersday","tanzania","steakhouseandbar",,,"3959035939563938060","https://www.instagram.com/shooters_grill_dar/","false",,,,,,,,,,,,,,,,,,"4",,,,,,,,,,,"1440","1440","Shooters Grill","24523847377","shooters_grill_dar","false","feed","DbxUjYOtqEM",,,,,,"2026-08-08T07:24:46.000Z","Image","https://www.instagram.com/p/DbxUjYOtqEM/",,,,
"Video by Praxy || Food•Lifestyle•Travel creator on August 02, 2026.","https://instagram.fein1-1.fna.fbcdn.net/o1/v/t2/f2/m78/AQM6jLAFxnifhr0enPVNkkyQ28XDeIM_FlbbttfdNVXYHx_-nEbgmP8Oon7gvo8Dr0mgqB28WdNxZhUSE6oTVstd3lhDVKmVRKp4maE.mp4?_nc_cat=105&_nc_oc=Adq1qtL7TG3uO8cpxHKUc2pq2xVR3jey5iFv2goY080u9y2seNDiYbVxklB7UMhpdx0&_nc_sid=9ca052&_nc_ht=instagram.fein1-1.fna.fbcdn.net&_nc_ohc=3b6-pTM6hJIQ7kNvwExMVD0&efg=eyJ2ZW5jb2RlX3RhZyI6ImlnLXhwdmRzLmNsaXBzLmMyLUMzLmRhc2hfbG5faGVhYWNfdmJyM19hdWRpbyIsInZpZGVvX2lkIjpudWxsLCJvaWxfdXJsZ2VuX2FwcF9pZCI6OTM2NjE5NzQzMzkyNDU5LCJjbGllbnRfbmFtZSI6ImlnIiwieHB2X2Fzc2V0X2lkIjoxMzY2NDMyNDA4MjAzMjk3LCJhc3NldF9hZ2VfZGF5cyI6NTEsInZpX3VzZWNhc2VfaWQiOjEwMDk5LCJkdXJhdGlvbl9zIjo1MiwiYml0cmF0ZSI6NjY5ODYsInVybGdlbl9zb3VyY2UiOiJ3d3cifQ%3D%3D&ccb=17-1&_nc_gid=pDVVPiDbUb6g5SwDXYJvgw&_nc_ss=7a22e&_nc_map=urlgen_bucketless&_nc_zt=28&oh=00_AQKqYER59B0cdgkWVDNMv-hD8-z5NJjao1LqcvU6lRKBpQ&oe=6AB509FA","Another day, another spot for you to try out…

Where would you love to see a review of next?

#beststeakhouse #fooddiary #restaurant #inspo #foryou","User","Shooters Grill","24523847377","false","false","https://instagram.fein1-2.fna.fbcdn.net/v/t51.2885-19/280535532_714045236677778_5682067728741845470_n.jpg?stp=dst-jpg_s150x150_tt6&efg=eyJ2ZW5jb2RlX3RhZyI6InByb2ZpbGVfcGljLmRqYW5nby4xMDgwLmMyIn0&_nc_ht=instagram.fein1-2.fna.fbcdn.net&_nc_cat=102&_nc_oc=Q6cZ2gHqNib4bNy3slZlRZA20xlYRWenrQ-pmC36I0YIr466lsE7EGO8AQ81W02jgKqkrKE&_nc_ohc=rZIGhBryi20Q7kNvwEgq7jw&_nc_gid=pDVVPiDbUb6g5SwDXYJvgw&edm=APs17CUBAAAA&ccb=7-5&oh=00_AQITCQTRGjs3W3UvugHMIKdUSQA9Bj9FCWoZc5WxOgeoow&oe=6AB9286C&_nc_sid=10d13b","shooters_grill_dar","0","2144","1206","https://instagram.fein1-2.fna.fbcdn.net/v/t51.82787-15/778543481_18111933653085916_3917675419725652676_n.jpg?stp=dst-jpg_e15_tt6&_nc_cat=110&_nc_map=urlgen_bucketless&ig_cache_key=Mzk1NDkzMTcwMjUzNjcwNTg1NTE4MTExOTMzNjQ3MDg1OTE2.3-ccb7-5&ccb=7-5&_nc_sid=58cdad&efg=eyJ2ZW5jb2RlX3RhZyI6IkNMSVBTLnhwaWRzLjEyMDYuc2RyLnZpZGVvX2RlZmF1bHRfY292ZXJfZnJhbWUuQzMifQ%3D%3D&_nc_ohc=1FX4woHz1F8Q7kNvwF9xFV_&_nc_oc=AdqMI4dgneQXOQqDromr-oNMs5ePzTu79t7qtPugCARaqoFRv11MfAjLF7Ya1VPZgZ4&_nc_ad=z-m&_nc_cid=0&_nc_zt=23&_nc_ht=instagram.fein1-2.fna&_nc_gid=pDVVPiDbUb6g5SwDXYJvgw&_nc_ss=7a22e&oh=00_AQLJjeBTeRPPzmIhuOpXCu9e2f__qqAlQ8FCibXtrcy_iA&oe=6AB8FF42","","beststeakhouse","fooddiary","restaurant","inspo","foryou",,,"3954931702536705855","https://www.instagram.com/shooters_grill_dar/","false",,,,,,,,,,,,,,,,,,"-1","110639715625917","Dar es Salaam, Tanzania",,,"itsxceda","37718764911070876","false","","Original audio","true","1920","1080","Praxy || Food•Lifestyle•Travel creator","32439805915","itsxceda","false","clips","DbivW3ooZc_","Shooters Grill","24523847377","false","https://instagram.fein1-2.fna.fbcdn.net/v/t51.2885-19/280535532_714045236677778_5682067728741845470_n.jpg?stp=dst-jpg_s150x150_tt6&efg=eyJ2ZW5jb2RlX3RhZyI6InByb2ZpbGVfcGljLmRqYW5nby4xMDgwLmMyIn0&_nc_ht=instagram.fein1-2.fna.fbcdn.net&_nc_cat=102&_nc_oc=Q6cZ2gHqNib4bNy3slZlRZA20xlYRWenrQ-pmC36I0YIr466lsE7EGO8AQ81W02jgKqkrKE&_nc_ohc=rZIGhBryi20Q7kNvwEgq7jw&_nc_gid=pDVVPiDbUb6g5SwDXYJvgw&edm=APs17CUBAAAA&ccb=7-5&oh=00_AQITCQTRGjs3W3UvugHMIKdUSQA9Bj9FCWoZc5WxOgeoow&oe=6AB9286C&_nc_sid=10d13b","shooters_grill_dar","2026-08-02T15:30:13.000Z","Video","https://www.instagram.com/p/DbivW3ooZc_/","52.466667","1108","https://instagram.fein1-2.fna.fbcdn.net/o1/v/t2/f2/m86/AQPF3Xx2L2_DGCl5ivuKvrkY7CWg59MPOA5_kggmqThkc-ZYA9kxnnmDcoMWIAbSq19Wq4OespUHbCcg7DzO6LFXcayU40n827zYHEk.mp4?_nc_cat=105&_nc_oc=AdocjBjIF9O0GeUORE3DklinRqlRSmy7Xkc7sprLK9ks9vTNa-Emggz83UmGuH7sfig&_nc_sid=5e9851&_nc_ht=instagram.fein1-2.fna.fbcdn.net&_nc_ohc=4JB4tAmHa_gQ7kNvwHXvBux&efg=eyJ2ZW5jb2RlX3RhZyI6Inhwdl9wcm9ncmVzc2l2ZS5JTlNUQUdSQU0uQ0xJUFMuQzMuNzIwLmRhc2hfYmFzZWxpbmVfMV92MSIsInhwdl9hc3NldF9pZCI6MTM2NjQzMjQwODIwMzI5NywiYXNzZXRfYWdlX2RheXMiOjUxLCJ2aV91c2VjYXNlX2lkIjoxMDA5OSwiZHVyYXRpb25fcyI6NTIsInVybGdlbl9zb3VyY2UiOiJ3d3cifQ%3D%3D&ccb=17-1&vs=dd8eb9fe2de8f238&_nc_vs=HBksFQIYUmlnX3hwdl9yZWVsc19wZXJtYW5lbnRfc3JfcHJvZC84RDRGMEE5QTdERjBDOTg4RjZGNzJCMkVCNTEyNDk4NF92aWRlb19kYXNoaW5pdC5tcDQVAALIARIAFQIYUWlnX3hwdl9wbGFjZW1lbnRfcGVybWFuZW50X3YyLzdGNEYxMEZGQ0FFRTYwOUU5NDRCMjMxRDJDM0U0Mzg5X2F1ZGlvX2Rhc2hpbml0Lm1wNBUCAsgBEgAoABgAGwKIB3VzZV9vaWwBMRJwcm9ncmVzc2l2ZV9yZWNpcGUBMRUAACbCwOfk6rDtBBUCKAJDMywXQEo7peNT988YEmRhc2hfYmFzZWxpbmVfMV92MREAdf4HZeadAQA&_nc_gid=pDVVPiDbUb6g5SwDXYJvgw&_nc_map=urlgen_bucketless&_nc_zt=28&_nc_ss=7a22e&oh=00_AQLqAmcodYqV-HJJ51poZQl8dwVrNRP8GJssnqHku9Ds3g&oe=6AB5289A","437"
"Video by Shooters Grill on May 22, 2026.","https://scontent-man2-1.cdninstagram.com/o1/v/t2/f2/m78/AQMKWGDrfcRSTwRGcLZsmh2ZBRoND2asHFQO-Iz9Aum7Ks7Eu-1x-Nup9osDsUlEbjZP9xnF3ViUJjGykhDkRgZDlZufPYmjFAvb0JY.mp4?_nc_cat=104&_nc_sid=9ca052&_nc_ht=scontent-man2-1.cdninstagram.com&_nc_ohc=dA0TwOdKMB8Q7kNvwFSMyAP&efg=eyJ2ZW5jb2RlX3RhZyI6ImlnLXhwdmRzLmNsaXBzLmMyLUMzLmRhc2hfbG5faGVhYWNfdmJyM19hdWRpbyIsInZpZGVvX2lkIjpudWxsLCJvaWxfdXJsZ2VuX2FwcF9pZCI6OTM2NjE5NzQzMzkyNDU5LCJjbGllbnRfbmFtZSI6ImlnIiwieHB2X2Fzc2V0X2lkIjoyNDI1OTkzNjk3OTEyMjMxLCJhc3NldF9hZ2VfZGF5cyI6MTIyLCJ2aV91c2VjYXNlX2lkIjoxMDA5OSwiZHVyYXRpb25fcyI6MTMsImJpdHJhdGUiOjY5NDI5LCJ1cmxnZW5fc291cmNlIjoid3d3In0%3D&ccb=17-1&_nc_gid=Z9ubaOog8h-Qcg7MZhQ6WQ&_nc_ss=7a22e&_nc_zt=28&oh=00_AQI0CqkWIRTCytPKCAFxfpPbuAzMi1v0MDBDn1oAtqc1WA&oe=6AB50889","The only therapy we need is the sound of a steak sizzling on an open flame. 🥩🔥 .

See you tonight at Shooters Grill – Steakhouse & Bar!

#weekendinspiration #SteakDinner #steaktherapy #shootersgrill #goodeats",,,,,,,,"0","1136","640","https://scontent-man2-1.cdninstagram.com/v/t51.71878-15/703861623_35766526476324709_1413646235030296427_n.jpg?stp=dst-jpg_e15_tt6&_nc_cat=108&ig_cache_key=MzkwMzE4OTc5OTA2NTIzOTY0MDI0MjU5OTQ5OTQ1Nzg3Njg%3D.3-ccb7-5&ccb=7-5&_nc_sid=58cdad&efg=eyJ2ZW5jb2RlX3RhZyI6IkNMSVBTLnhwaWRzLjY0MC5zZHIudmlkZW9fbmZyYW1lX2NvdmVyX2ZyYW1lLkMzIn0%3D&_nc_ohc=J4QhmlW6d1cQ7kNvwHHLAot&_nc_oc=AdqaskULia0ELuGHWf1ivVicsZN9wCCMxUZAHsKDN6xh7I0eTlg-FIHEtf194APjcaM&_nc_ad=z-m&_nc_cid=0&_nc_zt=23&_nc_ht=scontent-man2-1.cdninstagram.com&_nc_gid=Z9ubaOog8h-Qcg7MZhQ6WQ&_nc_ss=7a22e&oh=00_AQK4oET6cuR5sxrzHcQPDiTsz-1EmWH4bFSaAtQSf8ZuIQ&oe=6AB911CF","","weekendinspiration","SteakDinner","steaktherapy","shootersgrill","goodeats",,,"3903189799065239640","https://www.instagram.com/shooters_grill_dar/","false",,,,,,,,,,,,,,,,,,"9",,,,,"Chris Stapleton","155998181931590","false","","Tennessee Whiskey","false","1920","1080","Shooters Grill","24523847377","shooters_grill_dar","false","clips","DYq6nE4NkBY",,,,,,"2026-05-23T06:10:47.000Z","Video","https://www.instagram.com/p/DYq6nE4NkBY/","13.444354","797","https://scontent-man2-1.cdninstagram.com/o1/v/t2/f2/m367/AQPZWipg1HzQj7pzzBkxogMHMHyQU8VqgT67JMT1xRinVS3EQjNEWNWva-aLWXUB2SRx4fJypTp0qfpRP7Xh96SdVZm7wX7V6n-kgKU.mp4?_nc_cat=108&_nc_sid=9ca052&_nc_ht=scontent-man2-1.cdninstagram.com&_nc_ohc=-uBqDSH6jqcQ7kNvwHhbr5k&efg=eyJ2ZW5jb2RlX3RhZyI6ImlnLXhwdmRzLmNsaXBzLmMyLUMzLmRhc2hfdnA5LWJhc2ljLWdlbjItaGZyXzEwODBwIiwidmlkZW9faWQiOm51bGwsIm9pbF91cmxnZW5fYXBwX2lkIjo5MzY2MTk3NDMzOTI0NTksImNsaWVudF9uYW1lIjoiaWciLCJ4cHZfYXNzZXRfaWQiOjI0MjU5OTM2OTc5MTIyMzEsImFzc2V0X2FnZV9kYXlzIjoxMjIsInZpX3VzZWNhc2VfaWQiOjEwMDk5LCJkdXJhdGlvbl9zIjoxMywiYml0cmF0ZSI6MzQwMjcxMywidXJsZ2VuX3NvdXJjZSI6Ind3dyJ9&ccb=17-1&_nc_gid=Z9ubaOog8h-Qcg7MZhQ6WQ&_nc_ss=7a22e&_nc_zt=28&oh=00_AQJpdwtNFNWgEYct8hygan0cEgacxvTYmDNWR3QLUgEnag&oe=6AB924B1","257"
"Photo by Shooters Grill on April 13, 2026.",,"We’re talking about a prime cut, marbled to perfection, and seared until it develops that deep, smoky crust that only a real grill can deliver.😍🤗

#ShootersGrill  #DarEsSalaamEats #GrillMasters #steakhouse",,,,,,,,"0","1350","1080","https://scontent-ams2-1.cdninstagram.com/v/t39.30808-6/666223238_1600492965418993_5231270011055026052_n.jpg?stp=dst-jpg_e35_tt6&_nc_cat=103&ig_cache_key=Mzg3NDM5MTM0ODA4NjQ4MDMwMA%3D%3D.3-ccb7-5&ccb=7-5&_nc_sid=58cdad&efg=eyJ2ZW5jb2RlX3RhZyI6IkZFRUQueHBpZHMuMTA4MC5zZHIucmVndWxhcl9waG90by5DMyJ9&_nc_ohc=LQXJwzWNukoQ7kNvwEQaZ2q&_nc_oc=AdpMMI93utKnuJOuIxp34TXaLJnGf75KA7s4cgISGTwOChqYjz89J1O-hTfrrXVv0FQNnk1Ct3adCxA_X0AxRAHV&_nc_ad=z-m&_nc_cid=0&_nc_zt=23&_nc_ht=scontent-ams2-1.cdninstagram.com&_nc_gid=_hLSNn1-AKs2vUJmN4dWyQ&_nc_ss=7a22e&oh=00_AQIxCZXJFjL0XrMSyQEf8q4V5w3fiEXPiybK7q7k4oAJbA&oe=6AB90FBB","","ShootersGrill","DarEsSalaamEats","GrillMasters","steakhouse",,,,"3874391348086480300","https://www.instagram.com/shooters_grill_dar/","false",,,,,,,,,,,,,,,,,,"4",,,,,,,,,,,"1350","1080","Shooters Grill","24523847377","shooters_grill_dar","false","feed","DXEmmdXip2s",,,,,,"2026-04-13T12:31:03.000Z","Image","https://www.instagram.com/p/DXEmmdXip2s/",,,,
"Video by Shooters Grill on June 02, 2026.","https://instagram.fktw6-1.fna.fbcdn.net/o1/v/t2/f2/m78/AQNlzD3sxrmBfnE1Ue2H-Cv0o4vT2c7FWKkApa16fuBSk6NukWGQLq3VhluCfjZrlgIYPIx8gGiFr8hGLbBlHY4JZFX2nEYYPNfkm8c.mp4?_nc_cat=100&_nc_oc=Adq8ILiXs6X9oQXgd8j-UZJLezAcFpgQ66lQprUAWGld6t8LNKyCnnL36nm8JzHRLdk&_nc_sid=9ca052&_nc_ht=instagram.fktw6-1.fna.fbcdn.net&_nc_ohc=e-LEttaE1JQQ7kNvwHZSmHt&efg=eyJ2ZW5jb2RlX3RhZyI6ImlnLXhwdmRzLmNsaXBzLmMyLUMzLmRhc2hfbG5faGVhYWNfdmJyM19hdWRpbyIsInZpZGVvX2lkIjpudWxsLCJvaWxfdXJsZ2VuX2FwcF9pZCI6OTM2NjE5NzQzMzkyNDU5LCJjbGllbnRfbmFtZSI6ImlnIiwieHB2X2Fzc2V0X2lkIjoxNjQ0NTQ4MDkwMTA3NDg0LCJhc3NldF9hZ2VfZGF5cyI6MTEyLCJ2aV91c2VjYXNlX2lkIjoxMDA5OSwiZHVyYXRpb25fcyI6MjIsImJpdHJhdGUiOjgzNDExLCJ1cmxnZW5fc291cmNlIjoid3d3In0%3D&ccb=17-1&_nc_gid=Xy7oXE-XZMDECDEi4w7iMw&_nc_ss=7a22e&_nc_map=urlgen_bucketless&_nc_zt=28&oh=00_AQLW2-54fuRzfXMLCIwV7N7yVUcKia0voH2bEVRKkc52bQ&oe=6AB51655","#shootersgrill  #steakhouse #goodvibesonly❤️ #foodielife❤️ #daresasalaam nightlifetanzania",,,,,,,,"0","1136","640","https://instagram.fktw6-1.fna.fbcdn.net/v/t51.71878-15/713883677_1673867370327583_2536708312606237810_n.jpg?stp=dst-jpg_e15_tt6&_nc_cat=104&_nc_map=urlgen_bucketless&ig_cache_key=MzkxMDY2NjA1MDI0ODAwMTQ0NTE2NDQ1NDg5NDY3NzQwNjU%3D.3-ccb7-5&ccb=7-5&_nc_sid=58cdad&efg=eyJ2ZW5jb2RlX3RhZyI6IkNMSVBTLnhwaWRzLjY0MC5zZHIudmlkZW9fbmZyYW1lX2NvdmVyX2ZyYW1lLkMzIn0%3D&_nc_ohc=iqRxJZaIGZwQ7kNvwG_acIe&_nc_oc=Adq-nso5K5Sbf2aLNve0b_OMfzyHbgCyQqvTUVCw0az5yDw-uO8wakyREOWC9U6e5fk&_nc_ad=z-m&_nc_cid=0&_nc_zt=23&_nc_ht=instagram.fktw6-1.fna&_nc_gid=Xy7oXE-XZMDECDEi4w7iMw&_nc_ss=7a22e&oh=00_AQJBJS7fSsLqGEN8jnuDufwFk7pfQpwS-2vuNFb-igpEtA&oe=6AB915BE","","shootersgrill","steakhouse","goodvibesonly❤️","foodielife❤️","daresasalaam",,,"3910666050248001445","https://www.instagram.com/shooters_grill_dar/","false",,,,,,,,,,,,,,,,,,"9",,,,,"shooters_grill_dar","27012116655138655","false","","Original audio","true","1920","1080","Shooters Grill","24523847377","shooters_grill_dar","false","clips","DZFeg2YNkel",,,,,,"2026-06-02T13:43:36.000Z","Video","https://www.instagram.com/p/DZFeg2YNkel/","22.430477","821","https://instagram.fktw6-1.fna.fbcdn.net/o1/v/t2/f2/m86/AQPp4Ual3IkWV_VvLNmysGdfhoUaRzk6p3-AOjbkZekqf597KgBkORrjvOESb27Sv6YahyG2cerqzLAj-j5g-j4EewEt1Ea1HW9sLPg.mp4?_nc_cat=102&_nc_oc=Adqg9HbYOxdPu6X7PIjnUXzWKJR7d0ZLlCAt16xEsq6jHNb7wRj08MrF2O7eJ6iDry0&_nc_sid=5e9851&_nc_ht=instagram.fktw6-1.fna.fbcdn.net&_nc_ohc=7yYmGwYYu5QQ7kNvwEbOboD&efg=eyJ2ZW5jb2RlX3RhZyI6Inhwdl9wcm9ncmVzc2l2ZS5JTlNUQUdSQU0uQ0xJUFMuQzMuNzIwLmRhc2hfYmFzZWxpbmVfMV92MSIsInhwdl9hc3NldF9pZCI6MTY0NDU0ODA5MDEwNzQ4NCwiYXNzZXRfYWdlX2RheXMiOjExMiwidmlfdXNlY2FzZV9pZCI6MTAwOTksImR1cmF0aW9uX3MiOjIyLCJ1cmxnZW5fc291cmNlIjoid3d3In0%3D&ccb=17-1&vs=efb2506a3107b31a&_nc_vs=HBksFQIYUmlnX3hwdl9yZWVsc19wZXJtYW5lbnRfc3JfcHJvZC8yQTQzNzQ4MDRFMEJDQ0Q4MkNGNzVBQjE2QjZFNTM4RV92aWRlb19kYXNoaW5pdC5tcDQVAALIARIAFQIYUWlnX3hwdl9wbGFjZW1lbnRfcGVybWFuZW50X3YyLzAzNDQ5OTE3NTBDNzc5QzkyNTQ4MjRBOEY2MTBGQUE3X2F1ZGlvX2Rhc2hpbml0Lm1wNBUCAsgBEgAoABgAGwKIB3VzZV9vaWwBMRJwcm9ncmVzc2l2ZV9yZWNpcGUBMRUAACa42dCLpu3rBRUCKAJDMywXQDZVP3ztkWgYEmRhc2hfYmFzZWxpbmVfMV92MREAdf4HZeadAQA&_nc_gid=Xy7oXE-XZMDECDEi4w7iMw&_nc_ss=7a22e&_nc_map=urlgen_bucketless&_nc_zt=28&oh=00_AQKnrqhRwpYNRxpxVM1-O2juv-PsXJSmcj_dYId3H1hQhw&oe=6AB526D3","236"
"Photo by Shooters Grill on April 08, 2026.",,"The kind of dinner that demands a moment of silence.🥰😍

#ShootersGrill #SteakHouseVibes #TanzaniaEats #MeatLovers",,,,,,,,"0","2048","2048","https://scontent-mrs2-1.cdninstagram.com/v/t39.30808-6/668585598_1600483788753244_5089837271387711092_n.jpg?stp=dst-jpg_e35_tt6&_nc_cat=105&ig_cache_key=Mzg3MDc2MTk3NDYzMjE5NDIxOA%3D%3D.3-ccb7-5&ccb=7-5&_nc_sid=58cdad&efg=eyJ2ZW5jb2RlX3RhZyI6IkZFRUQueHBpZHMuMjA0OC5zZHIucmVndWxhcl9waG90by5DMyJ9&_nc_ohc=vs6UM3sVsVkQ7kNvwHQ86w1&_nc_oc=AdoLSmX301SBLTlY73mXjkdQqKDBUAUbrZQvVDbQ5G-bRsMLbxEiZ8Y0hb1nzJRd5bM&_nc_ad=z-m&_nc_cid=0&_nc_zt=23&_nc_ht=scontent-mrs2-1.cdninstagram.com&_nc_gid=k4_r4jFh3ho9qCFO_2__Yg&_nc_ss=7a22e&oh=00_AQJZ9akacTS7IdRtJ53ZkNETuw1UQimUx_dHsUW6CHSTFA&oe=6AB92049","","ShootersGrill","SteakHouseVibes","TanzaniaEats","MeatLovers",,,,"3870761974632194218","https://www.instagram.com/shooters_grill_dar/","false",,,,,,,,,,,,,,,,,,"4",,,,,,,,,,,"2048","2048","Shooters Grill","24523847377","shooters_grill_dar","false","feed","DW3tYH8CqCq",,,,,,"2026-04-08T12:20:09.000Z","Image","https://www.instagram.com/p/DW3tYH8CqCq/",,,,
"Video by Shooters Grill on April 17, 2026.","https://instagram.fgdl3-1.fna.fbcdn.net/o1/v/t2/f2/m78/AQO4VkRDWWBjoSmBTJ4zvvI0ukAterOSGO4ACIpYMIw0-K8y8lS9-GWxxTFdrqfH1_vFuM9vEbX3Kkdz7LJAxOHiQ-VMUHbdBHRUrn8.mp4?_nc_cat=111&_nc_oc=AdowTJm-TcFs0RN_Fo5E-efP-Wz8FySM_vZTzosKlqfb4vFohG8Op-2XhGj8Z7OvF2YbVKiq0ZkSk8L0v5208Nmu&_nc_sid=9ca052&_nc_ht=instagram.fgdl3-1.fna.fbcdn.net&_nc_ohc=7Xw_8soM1qQQ7kNvwG8qYYh&efg=eyJ2ZW5jb2RlX3RhZyI6ImlnLXhwdmRzLmNsaXBzLmMyLUMzLmRhc2hfbG5faGVhYWNfdmJyM19hdWRpbyIsInZpZGVvX2lkIjpudWxsLCJvaWxfdXJsZ2VuX2FwcF9pZCI6OTM2NjE5NzQzMzkyNDU5LCJjbGllbnRfbmFtZSI6ImlnIiwieHB2X2Fzc2V0X2lkIjoxODExMTY2MzcxODgyMzM3OCwiYXNzZXRfYWdlX2RheXMiOjE1OCwidmlfdXNlY2FzZV9pZCI6MTAwOTksImR1cmF0aW9uX3MiOjIxLCJiaXRyYXRlIjo2OTI2MSwidXJsZ2VuX3NvdXJjZSI6Ind3dyJ9&ccb=17-1&_nc_gid=nq0tVHRmXZ-snmz3tUNmLQ&_nc_ss=7a22e&_nc_zt=28&oh=00_AQJxTXEyY9L3ZX_HvP0mI6MlC544NjKoZet249wJe_V34Q&oe=6AB5222C","Turn your sound on. 🔊

 We’re talking prime cuts, high heat, and a smoky finish that hits different every single time.
Stop scrolling and start booking. Link in bio. 🎬🔥

#ShootersGrillTZ #DarFood #EatLocalTanzania",,,,,,,,"0","640","360","https://instagram.fgdl10-1.fna.fbcdn.net/v/t51.82787-15/670278790_18111663808823378_4733665016851794656_n.jpg?stp=dst-jpg_e15_tt6&_nc_cat=105&ig_cache_key=Mzg3NzI4Mjk0MjU2MTQ5NzI2NjE4MTExNjYzODA1ODIzMzc4.3-ccb7-5&ccb=7-5&_nc_sid=58cdad&efg=eyJ2ZW5jb2RlX3RhZyI6IkNMSVBTLnhwaWRzLjM2MC5zZHIudmlkZW9fZGVmYXVsdF9jb3Zlcl9mcmFtZS5DMyJ9&_nc_ohc=EoikNoODQucQ7kNvwFXAyfX&_nc_oc=AdqGE4Gqi5JD73DCyeTzf2h23YXxAPaWB-nojuJVLFbhXc-y61yVduYjbh4aim2AZxtcELxynYL7M5DVo0rkxrlF&_nc_ad=z-m&_nc_cid=0&_nc_zt=23&_nc_ht=instagram.fgdl10-1.fna&_nc_gid=nq0tVHRmXZ-snmz3tUNmLQ&_nc_ss=7a22e&oh=00_AQLxldQS_yXHe28pU2XCtXK1QB3xRkBCx5pIZ4_jejTVqg&oe=6AB927ED","","ShootersGrillTZ","DarFood","EatLocalTanzania",,,,,"3877282942561497266","https://www.instagram.com/shooters_grill_dar/","false",,,,,,,,,,,,,,,,,,"8",,,,,"shooters_grill_dar","26466871296263000","false","","Original audio","true","640","360","Shooters Grill","24523847377","shooters_grill_dar","false","clips","DXO4EslDzCy",,,,,,"2026-04-17T12:16:26.000Z","Video","https://www.instagram.com/p/DXO4EslDzCy/","21.833334","628","https://instagram.fgdl3-1.fna.fbcdn.net/o1/v/t2/f2/m86/AQO2FiBCqojZ0Zy9kqg_xmt1y6bAprF8NY9Ll8XpEs42-WemoiMOJYNWUwIOUeJni8cIq6WpztoD3oF0sUtpwZCCiEy9Vqt1PJGNBQY.mp4?_nc_cat=109&_nc_oc=Adrwad4X5UYMcIxhOvaKfA0NmlryAQxIkz_XkrUEp_SdWsPHKyczGm974HeMfML8gzkZYW3xDjdJPTeqj6PdjuhT&_nc_sid=5e9851&_nc_ht=instagram.fgdl3-1.fna.fbcdn.net&_nc_ohc=cX14dJ8Qu8QQ7kNvwGjKDru&efg=eyJ2ZW5jb2RlX3RhZyI6Inhwdl9wcm9ncmVzc2l2ZS5JTlNUQUdSQU0uQ0xJUFMuQzMuMzYwLmRhc2hfYmFzZWxpbmVfM192MSIsInhwdl9hc3NldF9pZCI6MTgxMTE2NjM3MTg4MjMzNzgsImFzc2V0X2FnZV9kYXlzIjoxNTgsInZpX3VzZWNhc2VfaWQiOjEwMDk5LCJkdXJhdGlvbl9zIjoyMSwidXJsZ2VuX3NvdXJjZSI6Ind3dyJ9&ccb=17-1&vs=95388aaa9e854b67&_nc_vs=HBksFQIYUmlnX3hwdl9yZWVsc19wZXJtYW5lbnRfc3JfcHJvZC8wNTRFRjYzODVFRTI2QzgyREY3RDJGRDNFRjkyRUVBNF92aWRlb19kYXNoaW5pdC5tcDQVAALIARIAFQIYUWlnX3hwdl9wbGFjZW1lbnRfcGVybWFuZW50X3YyL0QzNDQ4NkFDNUExN0IxNzk5REE4Mzk5OTY2MEU0QUI5X2F1ZGlvX2Rhc2hpbml0Lm1wNBUCAsgBEgAoABgAGwKIB3VzZV9vaWwBMRJwcm9ncmVzc2l2ZV9yZWNpcGUBMRUAACak14Okyp2sQBUCKAJDMywXQDXVP3ztkWgYEmRhc2hfYmFzZWxpbmVfM192MREAdf4HZeadAQA&_nc_gid=nq0tVHRmXZ-snmz3tUNmLQ&_nc_ss=7a22e&_nc_zt=28&oh=00_AQJ9agdaK1ELA3ecxYJTmpK00C9rxQPu_ChAWNQMGKd5tQ&oe=6AB52DA6","149"
"Photo by Shooters Grill on May 20, 2026.",,"ARE YOU HUNGRY YET? 🔥

Because we definitely are. 🤤🥩

📍 Visit us at 1196 Haile Selassie Rd., Oyster Plaza.
🕒 Good food and good times are waiting for you.

#shootersgrill #addictiontoflavor #daressalaam🇹🇿 #dareats #steakhouse",,,,,,,,"0","1440","1440","https://scontent-cdg6-1.cdninstagram.com/v/t51.82787-15/702893664_18115013692823378_5100788083140064273_n.webp?_nc_cat=105&ig_cache_key=MzkwMTEzODI1MjUwNDQzMTg3OA%3D%3D.3-ccb7-5&ccb=7-5&_nc_sid=58cdad&efg=eyJ2ZW5jb2RlX3RhZyI6IkZFRUQueHBpZHMuMTQ0MC5zZHIucmVndWxhcl9waG90by5DMyJ9&_nc_ohc=20BfdyKBwZcQ7kNvwGgskc4&_nc_oc=AdpvVyc4F5Vg3ezLbC3X2jwj43l7DaJEDseqQafw_bhzzwi2-NSNqUAyKTrGJ4WqV6E&_nc_ad=z-m&_nc_cid=0&_nc_zt=23&_nc_ht=scontent-cdg6-1.cdninstagram.com&_nc_gid=fxOzqgwy-hYjxZsYDSznmw&_nc_ss=7a22e&oh=00_AQISPRyDRp5xQZ6G-B4DzYWP7cIFbxabQ7FYuKXPs_dOgA&oe=6AB92F3B","","shootersgrill","addictiontoflavor","daressalaam🇹🇿","dareats","steakhouse",,,"3901138252504431878","https://www.instagram.com/shooters_grill_dar/","false",,,,,,,,,,,,,,,,,,"5",,,,,,,,,,,"1440","1440","Shooters Grill","24523847377","shooters_grill_dar","false","feed","DYjoJJQNv0G",,,,,,"2026-05-20T10:12:23.000Z","Image","https://www.instagram.com/p/DYjoJJQNv0G/",,,,
"Video by Shooters Grill on May 06, 2026.","https://scontent-man2-1.cdninstagram.com/o1/v/t2/f2/m78/AQPNeHkzgDXHfptfWIRsnJHuftmGsDFCAaeQa6soHuMpw3XAnKp2y9-iwfpKM0ibp73k16l7Od2XOMtgfL11tOTgEG4USAelDXUaRWs.mp4?_nc_cat=104&_nc_sid=9ca052&_nc_ht=scontent-man2-1.cdninstagram.com&_nc_ohc=P9Ts9pJs2mMQ7kNvwFAzmkn&efg=eyJ2ZW5jb2RlX3RhZyI6ImlnLXhwdmRzLmNsaXBzLmMyLUMyLmRhc2hfbG5faGVhYWNfdmJyM19hdWRpbyIsInZpZGVvX2lkIjpudWxsLCJvaWxfdXJsZ2VuX2FwcF9pZCI6OTM2NjE5NzQzMzkyNDU5LCJjbGllbnRfbmFtZSI6ImlnIiwieHB2X2Fzc2V0X2lkIjozNDQxNjc0MjQyNjQ5MDc5LCJhc3NldF9hZ2VfZGF5cyI6MTM5LCJ2aV91c2VjYXNlX2lkIjoxMDA5OSwiZHVyYXRpb25fcyI6MTcsImJpdHJhdGUiOjcwMTc0LCJ1cmxnZW5fc291cmNlIjoid3d3In0%3D&ccb=17-1&_nc_gid=8ZDG9q5edrSFo37Vn346Jg&_nc_zt=28&_nc_ss=7a22e&oh=00_AQK4EBVeZ5d7sjreEnnC8UspJ7AB6e_XR5u-nni6TN4YAw&oe=6AB51431","POV: the only perfect way to end the day.

#ShootersGrill #SteakHouse #cityeats #rooftopvibes #rarefinds",,,,,,,,"0","1136","640","https://scontent-man2-1.cdninstagram.com/v/t51.71878-15/684351618_1637117294000843_3670675434250393032_n.jpg?stp=dst-jpg_e15_tt6&_nc_cat=108&ig_cache_key=Mzg5MTA1MDQxOTQxMjQ0Nzk5MTM0NDE2NzQ4NjI2NDkwMTc%3D.3-ccb7-5&ccb=7-5&_nc_sid=58cdad&_nc_aid=0&efg=eyJ2ZW5jb2RlX3RhZyI6IkNMSVBTLnhwaWRzLjY0MC5zZHIudmlkZW9fbmZyYW1lX2NvdmVyX2ZyYW1lLkMyIn0%3D&_nc_ohc=tb7NzOofh8cQ7kNvwEno_3s&_nc_oc=AdogYYrgL_RYYCg1giXI3uSgi_BQUHbSoUe0W7aF6ihtll0LIaM6ZTuNdhXAt3krZ_kZt4wcjazvGZFord8FCjL4&_nc_ad=z-m&_nc_cid=0&_nc_zt=23&_nc_ht=scontent-man2-1.cdninstagram.com&_nc_gid=8ZDG9q5edrSFo37Vn346Jg&_nc_ss=7a22e&oh=00_AQKdOi9eHfV2tLfMR-Q9JQz4H-QP3br2t_aq-iZlpDfhrA&oe=6AB90624","","ShootersGrill","SteakHouse","cityeats","rooftopvibes","rarefinds",,,"3891050419412447991","https://www.instagram.com/shooters_grill_dar/","false",,,,,,,,,,,,,,,,,,"21",,,,,"Sam Hunt","1969652549713126","false","","Body Like A Back Road","false","1280","720","Shooters Grill","24523847377","shooters_grill_dar","false","clips","DX_yb2kNrL3",,,,,,"2026-05-06T12:10:10.000Z","Video","https://www.instagram.com/p/DX_yb2kNrL3/","17.252426","1502","https://scontent-man2-1.cdninstagram.com/o1/v/t2/f2/m367/AQMroQcdftUF-uVueXhgUohZ5zttk9nZT5EkURWYFu5X9Mldwc2WIhs0fFY8mdg4eggqhNvyGiPY-lq7-F4-ZHMpaXWbKQIcngrNWvM.mp4?_nc_cat=102&_nc_sid=5e9851&_nc_ht=scontent-man2-1.cdninstagram.com&_nc_ohc=mTqjaPUTOUoQ7kNvwG6ZFUH&efg=eyJ2ZW5jb2RlX3RhZyI6Inhwdl9wcm9ncmVzc2l2ZS5JTlNUQUdSQU0uQ0xJUFMuQzIuNzIwLmRhc2hfYmFzZWxpbmVfMV92MSIsInhwdl9hc3NldF9pZCI6MzQ0MTY3NDI0MjY0OTA3OSwiYXNzZXRfYWdlX2RheXMiOjEzOSwidmlfdXNlY2FzZV9pZCI6MTAwOTksImR1cmF0aW9uX3MiOjE3LCJ1cmxnZW5fc291cmNlIjoid3d3In0%3D&ccb=17-1&vs=f3ee51f9a3b47b80&_nc_vs=HBksFQIYQGlnX2VwaGVtZXJhbC82OTREOTUwNTM1Q0M3NjhFMDhDNUFBMzNDOTQ5NERBMl92aWRlb19kYXNoaW5pdC5tcDQVAALIARIAFQIYUWlnX3hwdl9wbGFjZW1lbnRfcGVybWFuZW50X3YyLzJGNEM3N0EyMTIxRjBEQTVGOTg2QTE5RDA4MUJDNEJEX2F1ZGlvX2Rhc2hpbml0Lm1wNBUCAsgBEgAoABgAGwKIB3VzZV9vaWwBMRJwcm9ncmVzc2l2ZV9yZWNpcGUBMRUAACbur9Oq54udDBUCKAJDMiwXQDEqfvnbItEYEmRhc2hfYmFzZWxpbmVfMV92MREAdf4HZeadAQA&_nc_gid=8ZDG9q5edrSFo37Vn346Jg&_nc_zt=28&_nc_ss=7a22e&oh=00_AQJVuI9cKFDtAn06RvIQZiI0Zttc1k-71vI5GnEFY7Ua7g&oe=6AB90D5B","543"
"Video by Shooters Grill on June 21, 2026.","https://scontent-gmp1-1.cdninstagram.com/o1/v/t2/f2/m78/AQMsB7M83OpB13TVjJMXH_mKw6qcubBBy2BH_xVuAVM5ariEysxk74q4dg-bZK1-uTushAuL-m324eO5-CRPGr4cFfT7dLbSgSXnfko.mp4?_nc_cat=103&_nc_sid=9ca052&_nc_ht=scontent-gmp1-1.cdninstagram.com&_nc_ohc=KiAwqpStZCsQ7kNvwF_daAe&efg=eyJ2ZW5jb2RlX3RhZyI6ImlnLXhwdmRzLmNsaXBzLmMyLUMzLmRhc2hfbG5faGVhYWNfdmJyM19hdWRpbyIsInZpZGVvX2lkIjpudWxsLCJvaWxfdXJsZ2VuX2FwcF9pZCI6OTM2NjE5NzQzMzkyNDU5LCJjbGllbnRfbmFtZSI6ImlnIiwieHB2X2Fzc2V0X2lkIjozOTE1NjE4MDM4NTcwNDkwLCJhc3NldF9hZ2VfZGF5cyI6OTMsInZpX3VzZWNhc2VfaWQiOjEwMDk5LCJkdXJhdGlvbl9zIjoxOSwiYml0cmF0ZSI6NjY2MjUsInVybGdlbl9zb3VyY2UiOiJ3d3cifQ%3D%3D&ccb=17-1&_nc_gid=PjIm9tY89nEAd0xAPJ3b6w&_nc_zt=28&_nc_ss=7a22e&oh=00_AQK0UPUj_AnoEKjEuAtYxV3jEj3Nd9AyG2KeZ7J-7qOjdQ&oe=6AB52E68","To the men who lead, protect, and inspire — Happy Father’s Day.

Join us at Shooter’s Grill and celebrate the legends at your table. 

#ShootersGrill #FathersDay",,,,,,,,"0","1136","640","https://scontent-gmp1-1.cdninstagram.com/v/t51.71878-15/728225877_890591346711715_1583926952857109831_n.jpg?stp=dst-jpg_e15_tt6&_nc_cat=110&ig_cache_key=MzkyNDI3MjQ4NjA4OTc0OTI2NzM5MTU2MTg2Mzg1NzA0MzA%3D.3-ccb7-5&ccb=7-5&_nc_sid=58cdad&efg=eyJ2ZW5jb2RlX3RhZyI6IkNMSVBTLnhwaWRzLjY0MC5zZHIudmlkZW9fbmZyYW1lX2NvdmVyX2ZyYW1lLkMzIn0%3D&_nc_ohc=CLKzzCruG48Q7kNvwHm9UVU&_nc_oc=Adr0Lu_z05P88GpIUD7jF3zBWAp5tb1UvNVHsumiWHxMwTOdIMJgZq48hRiKV_EByl8&_nc_ad=z-m&_nc_cid=1753&_nc_zt=23&_nc_ht=scontent-gmp1-1.cdninstagram.com&_nc_gid=PjIm9tY89nEAd0xAPJ3b6w&_nc_ss=7a22e&oh=00_AQJp9SSg-b_Zjk1eXFjJB_NNi6DFwE1MezLjieWURaU2mA&oe=6AB90C20","","ShootersGrill","FathersDay",,,,,,"3924272486089749267","https://www.instagram.com/shooters_grill_dar/","false",,,,,,,,,,,,,,,,,,"-1",,,,,"shooters_grill_dar","27322793467331659","false","","Original audio","true","1920","1080","Shooters Grill","24523847377","shooters_grill_dar","false","clips","DZ10QjPN_MT",,,,,,"2026-06-21T08:16:26.000Z","Video","https://www.instagram.com/p/DZ10QjPN_MT/","19.503311","1200","https://scontent-gmp1-1.cdninstagram.com/o1/v/t2/f2/m86/AQPBOxqAto6ELjYJa2-lC4q-3NSRuhzdU9tbd5K8q4MOdU6nWHcXYwPhIoW5pqkKvtCeKv_6OeBJUeP1gBaBbod97ujLyBfO7pl8o0M.mp4?_nc_cat=106&_nc_sid=5e9851&_nc_ht=scontent-gmp1-1.cdninstagram.com&_nc_ohc=vHajIkIfGJ8Q7kNvwHiYVCz&efg=eyJ2ZW5jb2RlX3RhZyI6Inhwdl9wcm9ncmVzc2l2ZS5JTlNUQUdSQU0uQ0xJUFMuQzMuNzIwLmRhc2hfYmFzZWxpbmVfMV92MSIsInhwdl9hc3NldF9pZCI6MzkxNTYxODAzODU3MDQ5MCwiYXNzZXRfYWdlX2RheXMiOjkzLCJ2aV91c2VjYXNlX2lkIjoxMDA5OSwiZHVyYXRpb25fcyI6MTksInVybGdlbl9zb3VyY2UiOiJ3d3cifQ%3D%3D&ccb=17-1&vs=57ac7309227bd398&_nc_vs=HBksFQIYUmlnX3hwdl9yZWVsc19wZXJtYW5lbnRfc3JfcHJvZC83NzRGQzVFNDc1QjNFRkUzRTM2OThFQkE5MzVGMTE5Q192aWRlb19kYXNoaW5pdC5tcDQVAALIARIAFQIYUWlnX3hwdl9wbGFjZW1lbnRfcGVybWFuZW50X3YyLzE5NDQwOEU0QUZBNTU3MUI3NzZGQzZFMzUzNTJGQkIzX2F1ZGlvX2Rhc2hpbml0Lm1wNBUCAsgBEgAoABgAGwKIB3VzZV9vaWwBMRJwcm9ncmVzc2l2ZV9yZWNpcGUBMRUAACb0957k-870DRUCKAJDMywXQDOAAAAAAAAYEmRhc2hfYmFzZWxpbmVfMV92MREAdf4HZeadAQA&_nc_gid=PjIm9tY89nEAd0xAPJ3b6w&_nc_zt=28&_nc_ss=7a22e&oh=00_AQLmoCuKGFFIL5GMz7im5cE2anVeyodaOxFmsNUlWghbVw&oe=6AB52477","454"
"Video by Shooters Grill on April 20, 2026.","https://instagram.fbri7-1.fna.fbcdn.net/o1/v/t2/f2/m78/AQPJ5y85W1jbUTh3yDpvGVZVZ0ge_e0daYPH7KpjabmduQvqeET7RQ4yKRU4ttxrfTZdM32ZHeKu75xrL50AzK9d6x1rWZRKkq40mdQ.mp4?_nc_cat=105&_nc_oc=AdqG7hjFjD0UA3t060acHcWghDo2HIH6fiND7W5xKVw79CjNXWxreQ0NiVcD-eH3qFA&_nc_sid=9ca052&_nc_ht=instagram.fbri7-1.fna.fbcdn.net&_nc_ohc=d_bTl9at3w8Q7kNvwH_NiXL&efg=eyJ2ZW5jb2RlX3RhZyI6ImlnLXhwdmRzLmNsaXBzLmMyLUMzLmRhc2hfbG5faGVhYWNfdmJyM19hdWRpbyIsInZpZGVvX2lkIjpudWxsLCJvaWxfdXJsZ2VuX2FwcF9pZCI6OTM2NjE5NzQzMzkyNDU5LCJjbGllbnRfbmFtZSI6ImlnIiwieHB2X2Fzc2V0X2lkIjoxODExMTk1NzA3NjgyMzM3OCwiYXNzZXRfYWdlX2RheXMiOjE1NSwidmlfdXNlY2FzZV9pZCI6MTAwOTksImR1cmF0aW9uX3MiOjE0LCJiaXRyYXRlIjo2Mjc5OSwidXJsZ2VuX3NvdXJjZSI6Ind3dyJ9&ccb=17-1&_nc_gid=Rgooc0tML2tn4bimFTvvBQ&_nc_ss=7a22e&_nc_map=urlgen_bucketless&_nc_zt=28&oh=00_AQKNicUB_36N1hjGsb4easu7-KOPGUwIvl4HhQQRfwvltQ&oe=6AB52C12","No frills, just serious flavor.
Your table is waiting. 
📍Shooters Grill

#ShootersGrillTZ #DarFood #EatLocalTanzania",,,,,,,,"0","1280","720","https://instagram.fbri7-1.fna.fbcdn.net/v/t51.82787-15/672330544_18111957145823378_3152675818839980459_n.jpg?stp=dst-jpg_e15_tt6&_nc_cat=110&_nc_map=urlgen_bucketless&ig_cache_key=Mzg3OTQ1NzI2MzU4OTY1MjA2OTE4MTExOTU3MTQyODIzMzc4.3-ccb7-5&ccb=7-5&_nc_sid=58cdad&efg=eyJ2ZW5jb2RlX3RhZyI6IkNMSVBTLnhwaWRzLjcyMC5zZHIudmlkZW9fZGVmYXVsdF9jb3Zlcl9mcmFtZS5DMyJ9&_nc_ohc=5kPOHdn5qfwQ7kNvwG3ssjw&_nc_oc=AdoDDYL8w11SDqyZXTkVcwSBy10EqntXtlg91UkW0qHigRJBzRhIDrIedYvLQJhSlUQ&_nc_ad=z-m&_nc_cid=1093&_nc_zt=23&_nc_ht=instagram.fbri7-1.fna&_nc_gid=Rgooc0tML2tn4bimFTvvBQ&_nc_ss=7a22e&oh=00_AQIzQwndu_irt3LakVnU6bZIcZle4_lth-1txefk5SFZJg&oe=6AB91AE5","","ShootersGrillTZ","DarFood","EatLocalTanzania",,,,,"3879457263589652069","https://www.instagram.com/shooters_grill_dar/","false",,,,,,,,,,,,,,,,,,"5",,,,,"Snoop Dogg","583464582142557","false","","Beautiful (feat. Pharrell, Uncle Charlie Wilson)","false","1280","720","Shooters Grill","24523847377","shooters_grill_dar","false","clips","DXWmdO1kfZl",,,,,,"2026-04-20T12:16:24.000Z","Video","https://www.instagram.com/p/DXWmdO1kfZl/","14.866667","703","https://instagram.fbri7-1.fna.fbcdn.net/o1/v/t2/f2/m367/AQMgXtK6ymamSjB57IlCNOJsKFaVLRWrDiU_nrnQrzybhZerPBmUzK_WPVUvCYqEjfGHaDpzp-qFG02XWREgm8462xZrN2AGuJqn6Oc.mp4?_nc_cat=106&_nc_oc=AdpWsO6IDIQLnkmhbTotw4jFjEw9XWldLAtIZq0Kcc4rWJYh5Rw0sr-tMHK3WKldA6U&_nc_sid=5e9851&_nc_ht=instagram.fbri7-1.fna.fbcdn.net&_nc_ohc=OZQ5dyMMtMQQ7kNvwFEDaoG&efg=eyJ2ZW5jb2RlX3RhZyI6Inhwdl9wcm9ncmVzc2l2ZS5JTlNUQUdSQU0uQ0xJUFMuQzMuNzIwLmRhc2hfYmFzZWxpbmVfMV92MSIsInhwdl9hc3NldF9pZCI6MTgxMTE5NTcwNzY4MjMzNzgsImFzc2V0X2FnZV9kYXlzIjoxNTUsInZpX3VzZWNhc2VfaWQiOjEwMDk5LCJkdXJhdGlvbl9zIjoxNCwidXJsZ2VuX3NvdXJjZSI6Ind3dyJ9&ccb=17-1&vs=a8c3269923ec3c6a&_nc_vs=HBksFQIYQGlnX2VwaGVtZXJhbC9GMzRBMDk4ODI5QUY2QjdBRDBCMDE4OTEzMEEzNDdCN192aWRlb19kYXNoaW5pdC5tcDQVAALIARIAFQIYUWlnX3hwdl9wbGFjZW1lbnRfcGVybWFuZW50X3YyLzIwNENCQ0VCRDM2RTY3MUMzM0UxNzgzMDc2OUQ5NEE5X2F1ZGlvX2Rhc2hpbml0Lm1wNBUCAsgBEgAoABgAGwKIB3VzZV9vaWwBMRJwcm9ncmVzc2l2ZV9yZWNpcGUBMRUAACaktYL8066sQBUCKAJDMywXQC27ZFocrAgYEmRhc2hfYmFzZWxpbmVfMV92MREAdf4HZeadAQA&_nc_gid=Rgooc0tML2tn4bimFTvvBQ&_nc_ss=7a22e&_nc_map=urlgen_bucketless&_nc_zt=28&oh=00_AQJ-m6QU0tbeSn6HB3i9_BW_nIF1s5MjMoVtxl25Sd2WpQ&oe=6AB9283B","240"
"Video by Shooters Grill on May 12, 2026.","https://scontent-cdg6-1.cdninstagram.com/o1/v/t2/f2/m78/AQOUHd9JlaFTGgPO4W8w0NSJUncjFvG2nwSKiiGXk4TqG83gaC7jrOSZkBa5HABsIiAZkEeZ_azZ5aAPKAOQh6oKlKqE7yakKCHN7xs.mp4?_nc_cat=105&_nc_sid=9ca052&_nc_ht=scontent-cdg6-1.cdninstagram.com&_nc_ohc=difWVNg4zFIQ7kNvwF9Z9XY&efg=eyJ2ZW5jb2RlX3RhZyI6ImlnLXhwdmRzLmNsaXBzLmMyLUMzLmRhc2hfbG5faGVhYWNfdmJyM19hdWRpbyIsInZpZGVvX2lkIjpudWxsLCJvaWxfdXJsZ2VuX2FwcF9pZCI6OTM2NjE5NzQzMzkyNDU5LCJjbGllbnRfbmFtZSI6ImlnIiwieHB2X2Fzc2V0X2lkIjoxOTE4MTI2NzA1NTAxMzcyLCJhc3NldF9hZ2VfZGF5cyI6MTMzLCJ2aV91c2VjYXNlX2lkIjoxMDA5OSwiZHVyYXRpb25fcyI6MjQsImJpdHJhdGUiOjg5NDY0LCJ1cmxnZW5fc291cmNlIjoid3d3In0%3D&ccb=17-1&_nc_gid=v5X-vMQeTr9P-StyQ-6sFw&_nc_ss=7a22e&_nc_zt=28&oh=00_AQLDcDs-XLMxMSl36U_0oDU4FhQJpOVny6bTSpiRBjJBbA&oe=6AB53CE6","Proof that magic happens behind the bar. 🥃

#shootersgrill #cocktailhours #steakhouseandbar #cheerstotheweek",,,,,,,,"0","1136","640","https://scontent-cdg6-1.cdninstagram.com/v/t51.71878-15/671749792_2057726031441407_3767383894586175601_n.jpg?stp=dst-jpg_e15_tt6&_nc_cat=106&ig_cache_key=Mzg5NTUzNjc3MDAxNDgzNDk5NTE5MTgxMjgzNzg4MzQ1Mzg%3D.3-ccb7-5&ccb=7-5&_nc_sid=58cdad&efg=eyJ2ZW5jb2RlX3RhZyI6IkNMSVBTLnhwaWRzLjY0MC5zZHIudmlkZW9fbmZyYW1lX2NvdmVyX2ZyYW1lLkMzIn0%3D&_nc_ohc=owzD08jn_DcQ7kNvwEys817&_nc_oc=AdruigGFHQEpU3Z5t2kJgn2fSfN6c_mP11nBW1S1-o9bfeIB6NTfimhf3WCTJVDeGfM&_nc_ad=z-m&_nc_cid=0&_nc_zt=23&_nc_ht=scontent-cdg6-1.cdninstagram.com&_nc_gid=v5X-vMQeTr9P-StyQ-6sFw&_nc_ss=7a22e&oh=00_AQL4oDUjRM0O0YWhsk7Cb0sFmpH84l8F1elC0MKqHnndbw&oe=6AB90962","","shootersgrill","cocktailhours","steakhouseandbar","cheerstotheweek",,,,"3895536770014834995","https://www.instagram.com/shooters_grill_dar/","false",,,,,,,,,,,,,,,,,,"6",,,,,"shooters_grill_dar","26654735924147754","false","","Original audio","true","1920","1080","Shooters Grill","24523847377","shooters_grill_dar","false","clips","DYPug2KNPEz",,,,,,"2026-05-12T16:45:33.000Z","Video","https://www.instagram.com/p/DYPug2KNPEz/","24.613152","694","https://scontent-cdg4-2.cdninstagram.com/o1/v/t2/f2/m86/AQPfxeb5MoJVqsGyFEU2In8BnNUpYVwlsoHJKzvG13xxbJ6gw0dzSekMYiLVp_8Ab4ysowh0-XEAQe7DxMjZDQf_a52guSm8fmbVu_w.mp4?_nc_cat=101&_nc_sid=5e9851&_nc_ht=scontent-cdg4-2.cdninstagram.com&_nc_ohc=up99ul19w3EQ7kNvwHpEkIX&efg=eyJ2ZW5jb2RlX3RhZyI6Inhwdl9wcm9ncmVzc2l2ZS5JTlNUQUdSQU0uQ0xJUFMuQzMuNzIwLmRhc2hfYmFzZWxpbmVfMV92MSIsInhwdl9hc3NldF9pZCI6MTkxODEyNjcwNTUwMTM3MiwiYXNzZXRfYWdlX2RheXMiOjEzMywidmlfdXNlY2FzZV9pZCI6MTAwOTksImR1cmF0aW9uX3MiOjI0LCJ1cmxnZW5fc291cmNlIjoid3d3In0%3D&ccb=17-1&vs=becb000862ad8e65&_nc_vs=HBksFQIYUmlnX3hwdl9yZWVsc19wZXJtYW5lbnRfc3JfcHJvZC80RjRDMzg2NDJGMkM1QTYwOTBDQTg3RjRENThEREQ4Ml92aWRlb19kYXNoaW5pdC5tcDQVAALIARIAFQIYUWlnX3hwdl9wbGFjZW1lbnRfcGVybWFuZW50X3YyLzAzNDZFRTFGMjZERTk5MEVCRTk0OUFDMTlBNDBCMUFCX2F1ZGlvX2Rhc2hpbml0Lm1wNBUCAsgBEgAoABgAGwKIB3VzZV9vaWwBMRJwcm9ncmVzc2l2ZV9yZWNpcGUBMRUAACb4ktPO1aHoBhUCKAJDMywXQDiFHrhR64UYEmRhc2hfYmFzZWxpbmVfMV92MREAdf4HZeadAQA&_nc_gid=v5X-vMQeTr9P-StyQ-6sFw&_nc_ss=7a22e&_nc_zt=28&oh=00_AQJ-Y4jo9RtO-xsHTE_kPrQoyuAyv26_Z7YN9mWVUETkwQ&oe=6AB52262","224"
"Photo by Shooters Grill on June 20, 2026.",,"",,,,,,,,"0","1440","1440","https://scontent-dus1-1.cdninstagram.com/v/t51.82787-15/726734048_18118174654823378_381817932713356882_n.webp?_nc_cat=110&ig_cache_key=MzkyMzcwMDM5MzU3Njk3NDgzNQ%3D%3D.3-ccb7-5&ccb=7-5&_nc_sid=58cdad&efg=eyJ2ZW5jb2RlX3RhZyI6IkZFRUQueHBpZHMuMTQ0MC5zZHIucmVndWxhcl9waG90by5DMyJ9&_nc_ohc=A2aZnpyAL6gQ7kNvwFSjT9V&_nc_oc=Adpy46mi8ZVBCaZ85oZuIgpU-qWpcTgQhDM4W-h-XMZImEzoODEKedfklaw8DWxvL-U&_nc_ad=z-m&_nc_cid=0&_nc_zt=23&_nc_ht=scontent-dus1-1.cdninstagram.com&_nc_gid=krcKxUuoLlekmCuVdjuIrw&_nc_ss=7a22e&oh=00_AQJ8dDtccGHIaEkMaZQiAPjIxNjRvhrD0L_pV8hkwy9WBA&oe=6AB90807","",,,,,,,,"3923700393576974835","https://www.instagram.com/shooters_grill_dar/","false",,,,,,,,,,,,,,,,,,"2",,,,,,,,,,,"1440","1440","Shooters Grill","24523847377","shooters_grill_dar","false","feed","DZzyLgkN0nz",,,,,,"2026-06-20T13:19:20.000Z","Image","https://www.instagram.com/p/DZzyLgkN0nz/",,,,
"Photo by Shooters Grill on August 10, 2026.",,"Just honest-to-goodness, incredible steak. No distractions, just pure flavor.🔥

#yourcitysteakhouse #ShootersGrill #steaklovers #insteakwetrust",,,,,,,,"0","1440","1440","https://instagram.fktw4-1.fna.fbcdn.net/v/t51.82787-15/772604461_18123309658823378_2019053191399566687_n.webp?_nc_cat=102&_nc_map=urlgen_bucketless&ig_cache_key=Mzk2MDcwNTUzODg0MzgxNzA4Mg%3D%3D.3-ccb7-5&ccb=7-5&_nc_sid=58cdad&efg=eyJ2ZW5jb2RlX3RhZyI6IkZFRUQueHBpZHMuMTQ0MC5zZHIucmVndWxhcl9waG90by5DMyJ9&_nc_ohc=EXy1CGUBVOgQ7kNvwGzNYJ4&_nc_oc=AdpaQICR5gxy1XLREkz6yJqbxnQqe6caW4Q2-jV6QvoP3SUnfenGXAwMfcm25vPTQrU&_nc_ad=z-m&_nc_cid=0&_nc_zt=23&_nc_ht=instagram.fktw4-1.fna&_nc_gid=tawG_p35OjVESuUJkWRSfw&_nc_ss=7a22e&oh=00_AQLvvg2FXcPwRpM4TBU8G8on1N1Uo02vC582jDx_k11SKA&oe=6AB90ABF","","yourcitysteakhouse","ShootersGrill","steaklovers","insteakwetrust",,,,"3960705538843817082","https://www.instagram.com/shooters_grill_dar/","false",,,,,,,,,,,,,,,,,,"3",,,,,,,,,,,"1440","1440","Shooters Grill","24523847377","shooters_grill_dar","false","feed","Db3QLPutTR6",,,,,,"2026-08-10T14:41:57.000Z","Image","https://www.instagram.com/p/Db3QLPutTR6/",,,,
"Photo by Shooters Grill on April 15, 2026.",,"Nothing beats the hum of the city from a few stories up—especially with a table full of our signatures.😍✨

#RooftopDining #DarEsSalaamCity #GoldenHourEats #AestheticDining",,,,,,,,"0","1350","1080","https://scontent-nrt6-1.cdninstagram.com/v/t39.30808-6/660450468_1600496148752008_847597368979787137_n.jpg?stp=dst-jpg_e35_tt6&_nc_cat=106&ig_cache_key=Mzg3NTg0MDYzOTc3OTM1NTA5Mg%3D%3D.3-ccb7-5&ccb=7-5&_nc_sid=58cdad&efg=eyJ2ZW5jb2RlX3RhZyI6IkZFRUQueHBpZHMuMTA4MC5zZHIucmVndWxhcl9waG90by5DMyJ9&_nc_ohc=hMbneQp3nY4Q7kNvwEwX4FQ&_nc_oc=AdqgeEi1qbnXU5nva2hDGo3Ax-_Zpk4K7tqP09fdoI8dEXSs68gdATl1rUtNiIYlNQo&_nc_ad=z-m&_nc_cid=0&_nc_zt=23&_nc_ht=scontent-nrt6-1.cdninstagram.com&_nc_gid=imI1jrtMHFSNXvQgEmKZBw&_nc_ss=7a22e&oh=00_AQL2cujJ4h4VMuW5dFGY45yQCNF0bWgDCJNeO70QPr0E_w&oe=6AB90999","","RooftopDining","DarEsSalaamCity","GoldenHourEats","AestheticDining",,,,"3875840639779355092","https://www.instagram.com/shooters_grill_dar/","false",,,,,,,,,,,,,,,,,,"11",,,,,,,,,,,"1350","1080","Shooters Grill","24523847377","shooters_grill_dar","false","feed","DXJwIbcEjnU",,,,,,"2026-04-15T12:30:31.000Z","Image","https://www.instagram.com/p/DXJwIbcEjnU/",,,,
"Video by Shooters Grill on April 10, 2026.","https://instagram.fagp1-1.fna.fbcdn.net/o1/v/t2/f2/m78/AQOzyIThGJeLPYWTl6utv6eqRmu-cOXW7UxsUx2QIDdgEh5VJrVZjTteOM35iEN3T1ymlgch2cyNqhoJ2lc8emGbSvFHsmJZC_UylEY.mp4?_nc_cat=111&_nc_oc=AdospK4fbxJZqqIfZyTZ3AK3yXjwC5oBV1sr4KQmus0yLoMkdZeT7ZC-5paNs072HPw&_nc_sid=9ca052&_nc_ht=instagram.fagp1-1.fna.fbcdn.net&_nc_ohc=TCuYvkL1UooQ7kNvwE-xMDF&efg=eyJ2ZW5jb2RlX3RhZyI6ImlnLXhwdmRzLmNsaXBzLmMyLUMzLmRhc2hfbG5faGVhYWNfdmJyM19hdWRpbyIsInZpZGVvX2lkIjpudWxsLCJvaWxfdXJsZ2VuX2FwcF9pZCI6OTM2NjE5NzQzMzkyNDU5LCJjbGllbnRfbmFtZSI6ImlnIiwieHB2X2Fzc2V0X2lkIjoxODExMDk4OTc2ODgyMzM3OCwiYXNzZXRfYWdlX2RheXMiOjE2NSwidmlfdXNlY2FzZV9pZCI6MTAwOTksImR1cmF0aW9uX3MiOjEyLCJiaXRyYXRlIjo2MDA3MiwidXJsZ2VuX3NvdXJjZSI6Ind3dyJ9&ccb=17-1&_nc_gid=cy93GDfnnIkKSjJ_qd-ymg&_nc_ss=7a22e&_nc_map=urlgen_bucketless&_nc_zt=28&oh=00_AQL7IQhUAFqjw7rLxLnMcBVeo_XSG2U-wwgd6ActKnBW7w&oe=6AB50AF4","The perfect steak needs a sidekick with a bit of personality. 
Whatever your mood, we’ve got a glass with your name on it.🥂😍

#Mixology #SignatureCocktails #BarVibes #sipandsavor",,,,,,,,"0","1280","720","https://instagram.fagp1-2.fna.fbcdn.net/v/t51.82787-15/670798390_18110989852823378_2001425476575640138_n.jpg?stp=dst-jpg_e15_tt6&_nc_cat=108&_nc_map=urlgen_bucketless&ig_cache_key=Mzg3MjIxMTc2MzQzMzYyNjgzMDE4MTEwOTg5ODQ2ODIzMzc4.3-ccb7-5&ccb=7-5&_nc_sid=58cdad&efg=eyJ2ZW5jb2RlX3RhZyI6IkNMSVBTLnhwaWRzLjcyMC5zZHIudmlkZW9fZGVmYXVsdF9jb3Zlcl9mcmFtZS5DMyJ9&_nc_ohc=PyYNQ1lfryEQ7kNvwEv7tf3&_nc_oc=AdqbTkrJLj6H1SAYL-gdU3fxZ30c8dXct4OAaKqqRMGpuwP8oXuFpNlzGpBoWvc0IW8&_nc_ad=z-m&_nc_cid=0&_nc_zt=23&_nc_ht=instagram.fagp1-2.fna&_nc_gid=cy93GDfnnIkKSjJ_qd-ymg&_nc_ss=7a22e&oh=00_AQJwX3FULVHkrOF2neaf7d0kDFaARk78yzzvMN59CJbK2A&oe=6AB91731","","Mixology","SignatureCocktails","BarVibes","sipandsavor",,,,"3872211763433626830","https://www.instagram.com/shooters_grill_dar/","false",,,,,,,,,,,,,,,,,,"6",,,,,"shooters_grill_dar","26866487272980614","false","","Original audio","true","1280","720","Shooters Grill","24523847377","shooters_grill_dar","false","clips","DW83BU-jNzO",,,,,,"2026-04-10T12:20:52.000Z","Video","https://www.instagram.com/p/DW83BU-jNzO/","12.8","650","https://instagram.fagp1-1.fna.fbcdn.net/o1/v/t2/f2/m367/AQNkpFJPi6ccvQAkprAV4_LBjILkto_xHE60cZPnq7YGjDiT5d8Dtqqf3fSHIsqv5hyAxf51v-7EWeOm5mEMsRRkDBi0WwVTnfc9w73JQGTGUA.mp4?_nc_cat=107&_nc_oc=AdrIg79mVH_7kUhiJ3iUjGRkJPpE--2TenbWM6JSqI-AIspMX1BXwoCMfJZDQtPUTAE&_nc_sid=9ca052&_nc_ht=instagram.fagp1-1.fna.fbcdn.net&_nc_ohc=ZY1dmIIc2jAQ7kNvwFnGKSS&efg=eyJ2ZW5jb2RlX3RhZyI6ImlnLXhwdmRzLmNsaXBzLmMyLUMzLmRhc2hfdnA5LWJhc2ljLWdlbjJfNzIwcCIsInZpZGVvX2lkIjpudWxsLCJvaWxfdXJsZ2VuX2FwcF9pZCI6OTM2NjE5NzQzMzkyNDU5LCJjbGllbnRfbmFtZSI6ImlnIiwieHB2X2Fzc2V0X2lkIjoxODExMDk4OTc2ODgyMzM3OCwiYXNzZXRfYWdlX2RheXMiOjE2NSwidmlfdXNlY2FzZV9pZCI6MTAwOTksImR1cmF0aW9uX3MiOjEyLCJiaXRyYXRlIjoxNTg4NjQ3LCJ1cmxnZW5fc291cmNlIjoid3d3In0%3D&ccb=17-1&_nc_gid=cy93GDfnnIkKSjJ_qd-ymg&_nc_ss=7a22e&_nc_map=urlgen_bucketless&_nc_zt=28&oh=00_AQKoRegc97kPMQIkYxkVgHGnD6WQT3FV7kMv3wVHJVCVYA&oe=6AB919F9","169"
"Video by Shooters Grill on April 23, 2026.","https://instagram.fflr4-1.fna.fbcdn.net/o1/v/t2/f2/m78/AQP1IBwZ2-nu-Unj8RtoOcjRDnr9Jt5P3DKtlwWowvLFcSyzRteu_gXq2D7yMuNGxOhXdJ1cR4xw5QqB8fbWLS-oL0H8o2Wl9q6iOHw.mp4?_nc_cat=100&_nc_oc=AdoNXWGXhP1gUkXRXRf6Df8pPfav6dLp1Rdx6MtcTEs--C5zwwfwyv9QKTcoJv5wYsmBWjLvuccqD0fm9RLlwxkV&_nc_sid=9ca052&_nc_ht=instagram.fflr4-1.fna.fbcdn.net&_nc_ohc=wAIq0x3XnZsQ7kNvwGCBMrU&efg=eyJ2ZW5jb2RlX3RhZyI6ImlnLXhwdmRzLmNsaXBzLmMyLUMzLmRhc2hfbG5faGVhYWNfdmJyM19hdWRpbyIsInZpZGVvX2lkIjpudWxsLCJvaWxfdXJsZ2VuX2FwcF9pZCI6OTM2NjE5NzQzMzkyNDU5LCJjbGllbnRfbmFtZSI6ImlnIiwieHB2X2Fzc2V0X2lkIjoxODExMjI0OTg3NjgyMzM3OCwiYXNzZXRfYWdlX2RheXMiOjE1MiwidmlfdXNlY2FzZV9pZCI6MTAwOTksImR1cmF0aW9uX3MiOjE2LCJiaXRyYXRlIjo2Nzc3OSwidXJsZ2VuX3NvdXJjZSI6Ind3dyJ9&ccb=17-1&_nc_gid=wV80kZY0j4ihDGkZgAJ6AA&_nc_ss=7a22e&_nc_map=urlgen_bucketless&_nc_zt=28&oh=00_AQIfH6VddYOP-02UsAFPrhIiLUETkNTInkGj3ULT2-1eiQ&oe=6AB5367D","If ""love at first bite"" was a place, this would be it. 🔥

#steakhouse #SteakLovers #GrillMaster #MeatLovers #shootersgrill",,,,,,,,"0","1136","640","https://instagram.fflr4-2.fna.fbcdn.net/v/t51.71878-15/670967989_2045845089620539_6447644592864607127_n.jpg?stp=dst-jpg_e15_tt6&_nc_cat=104&_nc_map=urlgen_bucketless&ig_cache_key=Mzg4MTY1NzIwNTE3OTM2MzM2MA%3D%3D.3-ccb7-5&ccb=7-5&_nc_sid=58cdad&efg=eyJ2ZW5jb2RlX3RhZyI6IkNMSVBTLnhwaWRzLjY0MC5zZHIudmlkZW9fZGVmYXVsdF9jb3Zlcl9mcmFtZS5DMyJ9&_nc_ohc=sFvLXsGLDjQQ7kNvwEalw7Z&_nc_oc=AdozBl9vMJULPkybi2wYpelVkrfuLrhPM0d3IV2826i6CiHoEDrhWUJ9rvW0E8W_7rvvCPGFvwMdRtmLbFSDOVjE&_nc_ad=z-m&_nc_cid=0&_nc_zt=23&_nc_ht=instagram.fflr4-2.fna&_nc_gid=wV80kZY0j4ihDGkZgAJ6AA&_nc_ss=7a22e&oh=00_AQLN9ui6KSCxeYnQCKQRrQ7uOB65cYMMUq0RawByfLyZLA&oe=6AB92A32","","steakhouse","SteakLovers","GrillMaster","MeatLovers","shootersgrill",,,"3881657205179363360","https://www.instagram.com/shooters_grill_dar/","false",,,,,,,,,,,,,,,,,,"8",,,,,"Dan + Shay, Justin Bieber","666280010535466","false","","10,000 Hours","false","1920","1080","Shooters Grill","24523847377","shooters_grill_dar","false","clips","DXeaqmGjTAg",,,,,,"2026-04-23T13:08:28.000Z","Video","https://www.instagram.com/p/DXeaqmGjTAg/","16.137869","663","https://instagram.fflr4-2.fna.fbcdn.net/o1/v/t2/f2/m86/AQNzp9hlXUQg_gjoGPrj2vmRkDmcdxwS0IGXuvVYk7gntiReZsleBeGUb-88cueYe_NZnvAIpZakHucb4yEMu0wT1SooWYCUzmSTn58.mp4?_nc_cat=102&_nc_oc=Adqu5FdbYFMsbWUrIsSfFa7Hn2pkK3woxWMSeUEtR5BKZwMzxbq_-PWRMFCb2jxARHCnGEG-ObvY_0lmnErwjCBp&_nc_sid=5e9851&_nc_ht=instagram.fflr4-2.fna.fbcdn.net&_nc_ohc=fewwjP5JbHcQ7kNvwGHz4R-&efg=eyJ2ZW5jb2RlX3RhZyI6Inhwdl9wcm9ncmVzc2l2ZS5JTlNUQUdSQU0uQ0xJUFMuQzMuNzIwLmRhc2hfYmFzZWxpbmVfMV92MSIsInhwdl9hc3NldF9pZCI6MTgxMTIyNDk4NzY4MjMzNzgsImFzc2V0X2FnZV9kYXlzIjoxNTIsInZpX3VzZWNhc2VfaWQiOjEwMDk5LCJkdXJhdGlvbl9zIjoxNiwidXJsZ2VuX3NvdXJjZSI6Ind3dyJ9&ccb=17-1&vs=29ceea338beea6c5&_nc_vs=HBksFQIYUmlnX3hwdl9yZWVsc19wZXJtYW5lbnRfc3JfcHJvZC8xRTQzODdGRDE1RTg2NDdCM0IyOEExQTg1MTc2OEVBRl92aWRlb19kYXNoaW5pdC5tcDQVAALIARIAFQIYUWlnX3hwdl9wbGFjZW1lbnRfcGVybWFuZW50X3YyL0VCNDhFM0E4MDg4MUYwMUY0RkM3NDNEMTlGQzYzM0IyX2F1ZGlvX2Rhc2hpbml0Lm1wNBUCAsgBEgAoABgAGwKIB3VzZV9vaWwBMRJwcm9ncmVzc2l2ZV9yZWNpcGUBMRUAACak9e2_2b-sQBUCKAJDMywXQDAiDEm6XjUYEmRhc2hfYmFzZWxpbmVfMV92MREAdf4HZeadAQA&_nc_gid=wV80kZY0j4ihDGkZgAJ6AA&_nc_ss=7a22e&_nc_map=urlgen_bucketless&_nc_zt=28&oh=00_AQL4d9o_KPi3awggGrWTA5ZXQ7WFeGz8WRZPypRdE0KUEA&oe=6AB50DE3","128"
"Photo by Shooters Grill on April 04, 2026.",,"We’re wishing you an Easter Sunday that’s as vibrant and high-energy as you are. Enjoy every moment. 🥩🔥
#ShootersGrill #EasterEnergy #SteakhouseVibes #DarEating #ᴇᴀsᴛᴇʀsᴜɴᴅᴀʏ",,,,,,,,"0","1440","1440","https://scontent-lhr11-1.cdninstagram.com/v/t51.82787-15/657752888_18110514910823378_7458705195683848407_n.webp?_nc_cat=110&ig_cache_key=Mzg2ODM2MTM4NjA2OTg1NjQzOQ%3D%3D.3-ccb7-5&ccb=7-5&_nc_sid=58cdad&efg=eyJ2ZW5jb2RlX3RhZyI6IkZFRUQueHBpZHMuMTQ0MC5zZHIucmVndWxhcl9waG90by5DMyJ9&_nc_ohc=2dT2GW8LuMcQ7kNvwH-nkKZ&_nc_oc=AdocpJpTJggmf2fE6_peddb97fOLTlAFCmVs5gvToBgK1nSiTACcrtZAIufg9nlGenFs07fEg3WqTU4xYJoWmyR5&_nc_ad=z-m&_nc_cid=0&_nc_zt=23&_nc_ht=scontent-lhr11-1.cdninstagram.com&_nc_gid=bSzyTPOdKK4V89PSr-XJHg&_nc_ss=7a22e&oh=00_AQIer1O-j9q1Bqn5cOnBoldVtGJ8f6dgih64VrcHiJwC2Q&oe=6AB91DC7","","ShootersGrill","EasterEnergy","SteakhouseVibes","DarEating","ᴇᴀsᴛᴇʀsᴜɴᴅᴀʏ",,,"3868361386069856439","https://www.instagram.com/shooters_grill_dar/","false",,,,,,,,,,,,,,,,,,"3",,,,,,,,,,,"1440","1440","Shooters Grill","24523847377","shooters_grill_dar","false","feed","DWvLi9niBC3",,,,,,"2026-04-05T04:50:38.000Z","Image","https://www.instagram.com/p/DWvLi9niBC3/",,,,
"Photo by Shooters Grill on April 01, 2026.",,"Chocolate is sweet, but a perfect sear is fire. 🔥 We’re fully stocked with premium cuts and cold brews, no missing shipments here.😄 Trade the candy bar for a T-bone tonight.

 #ShootersGrill #SteakLover #DarEsSalaam #MeatTheMoment #kitkatheist",,,,,,,,"0","1440","1152","https://instagram.flba3-1.fna.fbcdn.net/v/t51.82787-15/659719248_18110168146823378_8424361505486072045_n.webp?_nc_cat=100&_nc_map=urlgen_bucketless&ig_cache_key=Mzg2NTc0MzEzNjA2NDkwOTA1Ng%3D%3D.3-ccb7-5&ccb=7-5&_nc_sid=58cdad&efg=eyJ2ZW5jb2RlX3RhZyI6IkZFRUQueHBpZHMuMTE1Mi5zZHIucmVndWxhcl9waG90by5DMyJ9&_nc_ohc=k_zCUGFWtVoQ7kNvwFRl7Tn&_nc_oc=AdpiIR5MVmEq7DR97qF573AQdRD3A5DQMwLYtTOtomHCMxIVeonbrhbBWLHwS5yzRUrb1ALAk-9GakL74-twd6p9&_nc_ad=z-m&_nc_cid=0&_nc_zt=23&_nc_ht=instagram.flba3-1.fna&_nc_gid=aj3E3-Xc5u75ZQKIatCs2A&_nc_ss=7a22e&oh=00_AQLPqQcUx8qMfxHUg40o1gFTnS6O0Qp54njD6NK636g6AA&oe=6AB902A5","","ShootersGrill","SteakLover","DarEsSalaam","MeatTheMoment","kitkatheist",,,"3865743136064909056","https://www.instagram.com/shooters_grill_dar/","false",,,,,,,,,,,,,,,,,,"2",,,,,,,,,,,"1440","1152","Shooters Grill","24523847377","shooters_grill_dar","false","feed","DWl4OaSDa8A",,,,,,"2026-04-01T14:08:36.000Z","Image","https://www.instagram.com/p/DWl4OaSDa8A/",,,,
"Video by Shooters Grill on April 29, 2026.","https://instagram.fmxl1-1.fna.fbcdn.net/o1/v/t2/f2/m78/AQNGcZy-9_WgWWS_b1W3U3ap09eE6YJ8MiHV8dun6pST5FJGtVHbiVuOk7UO50jud4pVIPAkIjnIylRoHXl6nqUvMvkBENILo2CV-pA.mp4?_nc_cat=101&_nc_oc=Adq8E4eBIEApVVhh0k2C-O36c_ZpZIpnoMcSevC5EswUyOMKWZb-j0-l5uFdaSkwX6wvcseVFSPWeb9Wq3pnOVdD&_nc_sid=9ca052&_nc_ht=instagram.fmxl1-1.fna.fbcdn.net&_nc_ohc=3dS19A71tt4Q7kNvwGCyd5R&efg=eyJ2ZW5jb2RlX3RhZyI6ImlnLXhwdmRzLmNsaXBzLmMyLUMzLmRhc2hfbG5faGVhYWNfdmJyM19hdWRpbyIsInZpZGVvX2lkIjpudWxsLCJvaWxfdXJsZ2VuX2FwcF9pZCI6OTM2NjE5NzQzMzkyNDU5LCJjbGllbnRfbmFtZSI6ImlnIiwieHB2X2Fzc2V0X2lkIjoxODExMjg5Mjc5NzgyMzM3OCwiYXNzZXRfYWdlX2RheXMiOjE0NiwidmlfdXNlY2FzZV9pZCI6MTAwOTksImR1cmF0aW9uX3MiOjE1LCJiaXRyYXRlIjo2NDQ4OSwidXJsZ2VuX3NvdXJjZSI6Ind3dyJ9&ccb=17-1&_nc_gid=QD8iC1qH1HOnpeA8M8YP1g&_nc_ss=7a22e&_nc_map=urlgen_bucketless&_nc_zt=28&oh=00_AQIRuoB7qxdwF_-t3Xvx8yV7IWrYkS0u0EvDl_9GA0tASQ&oe=6AB52D52","We’ve got a seat saved for you at Shooters Grill. Trust me, your tastebuds will thank you later. 🥩✨

#ShootersGrill #daressalaameats #rooftopdining #foodietanzania #goodvibesonly❤️",,,,,,,,"0","1136","640","https://instagram.fmxl1-2.fna.fbcdn.net/v/t51.71878-15/683633054_1475242100725170_2205851263518806369_n.jpg?stp=dst-jpg_e15_tt6&_nc_cat=103&_nc_map=urlgen_bucketless&ig_cache_key=Mzg4NTkzOTEwNjM0NTk4NzQ2Nw%3D%3D.3-ccb7-5&ccb=7-5&_nc_sid=58cdad&efg=eyJ2ZW5jb2RlX3RhZyI6IkNMSVBTLnhwaWRzLjY0MC5zZHIudmlkZW9fZGVmYXVsdF9jb3Zlcl9mcmFtZS5DMyJ9&_nc_ohc=l-Ow_1JhqwMQ7kNvwFOST_i&_nc_oc=Adrz-4HlwXnvALFlaKCP-H-bZZ92eAPafe_5wBkbYsqsOFWJ87P5voZdbsA-iM-5F-eCPj8_YY3Mp1r4gUzStjfM&_nc_ad=z-m&_nc_cid=0&_nc_zt=23&_nc_ht=instagram.fmxl1-2.fna&_nc_gid=QD8iC1qH1HOnpeA8M8YP1g&_nc_ss=7a22e&oh=00_AQKiU1sPNOUvtnMHAY1aHM_f3ar48j9-kHA22dHhVgnx0g&oe=6AB91CA9","","ShootersGrill","daressalaameats","rooftopdining","foodietanzania","goodvibesonly❤️",,,"3885939106345987467","https://www.instagram.com/shooters_grill_dar/","false",,,,,,,,,,,,,,,,,,"5",,,,,"Snoh Aalegra","226948876093241","false","","DO 4 LOVE","false","1280","720","Shooters Grill","24523847377","shooters_grill_dar","false","clips","DXtoQdUjS2L",,,,,,"2026-04-29T10:55:30.000Z","Video","https://www.instagram.com/p/DXtoQdUjS2L/","15.23229","763","https://instagram.fmxl1-2.fna.fbcdn.net/o1/v/t2/f2/m367/AQNJYoKtZU3_OLFgLhiEphn5GFrpNETQMOdfqRRrG_QK3QAWMmJmbfT7nHuMU_5JbLSPzl6LK6qTQMQisZElzsQOzjAiMG9UifOtaD8.mp4?_nc_cat=100&_nc_oc=AdqYdthLY5f0ISmx3s7KmmY7Q_r0p0pQFPYE4vLAbq_T6WlQvCxto9OIH-_e6jvvGDPtwr-js8gewj94UZpaMzDj&_nc_sid=5e9851&_nc_ht=instagram.fmxl1-2.fna.fbcdn.net&_nc_ohc=v_rnk-xZzY8Q7kNvwGwxewo&efg=eyJ2ZW5jb2RlX3RhZyI6Inhwdl9wcm9ncmVzc2l2ZS5JTlNUQUdSQU0uQ0xJUFMuQzMuNzIwLmRhc2hfYmFzZWxpbmVfMV92MSIsInhwdl9hc3NldF9pZCI6MTgxMTI4OTI3OTc4MjMzNzgsImFzc2V0X2FnZV9kYXlzIjoxNDYsInZpX3VzZWNhc2VfaWQiOjEwMDk5LCJkdXJhdGlvbl9zIjoxNSwidXJsZ2VuX3NvdXJjZSI6Ind3dyJ9&ccb=17-1&vs=b3e4b01e7e71aa6d&_nc_vs=HBksFQIYQGlnX2VwaGVtZXJhbC84NjQ3RjlDRkM3MkE0QTFBNjQ3M0MyM0EzRjYxMkRCQl92aWRlb19kYXNoaW5pdC5tcDQVAALIARIAFQIYUWlnX3hwdl9wbGFjZW1lbnRfcGVybWFuZW50X3YyLzBCNDcxREE3NkRCMDU5RkRGMkYxNzQ3MTFFRkE0QkJDX2F1ZGlvX2Rhc2hpbml0Lm1wNBUCAsgBEgAoABgAGwKIB3VzZV9vaWwBMRJwcm9ncmVzc2l2ZV9yZWNpcGUBMRUAACakpo3Rj-WsQBUCKAJDMywXQC5EGJN0vGoYEmRhc2hfYmFzZWxpbmVfMV92MREAdf4HZeadAQA&_nc_gid=QD8iC1qH1HOnpeA8M8YP1g&_nc_ss=7a22e&_nc_map=urlgen_bucketless&_nc_zt=28&oh=00_AQKohbESf-vglcLGTDoyOQs0NQ48QvtUB6Tv2uIm-06OZw&oe=6AB924F5","252"
"Photo by Shooters Grill on April 06, 2026.",,"Remembering a visionary. Honoring a legacy. Happy Karume Day to all! 🙏🏾

#KarumeDay2026 #SheikhAbeidAmaniKarume #NationalDay #Tanzania",,,,,,,,"0","1440","1440","https://scontent-fco2-1.cdninstagram.com/v/t51.82787-15/660785790_18110691193823378_5053630086902034190_n.webp?_nc_cat=105&ig_cache_key=Mzg2OTc5MDE0MTI1MDMwMTk0Ng%3D%3D.3-ccb7-5&ccb=7-5&_nc_sid=58cdad&efg=eyJ2ZW5jb2RlX3RhZyI6IkZFRUQueHBpZHMuMTQ0MC5zZHIucmVndWxhcl9waG90by5DMyJ9&_nc_ohc=nK_7xHJTyGIQ7kNvwG86pJL&_nc_oc=Adp_lsU9P7phEnkuWIShQsAmv8xYlBKkoJrLlIRNVcBdzzvytIqowI0YAXHm2La32fI&_nc_ad=z-m&_nc_cid=0&_nc_zt=23&_nc_ht=scontent-fco2-1.cdninstagram.com&_nc_gid=B4coBEcKu3WgpT143EGbxQ&_nc_ss=7a22e&oh=00_AQK-sAdgAfVBPuBMbtLWv19EeTop9Oo7o5A6DaUiE90_LQ&oe=6AB922B5","","KarumeDay2026","SheikhAbeidAmaniKarume","NationalDay","Tanzania",,,,"3869790141250301946","https://www.instagram.com/shooters_grill_dar/","false",,,,,,,,,,,,,,,,,,"4",,,,,,,,,,,"1440","1440","Shooters Grill","24523847377","shooters_grill_dar","false","feed","DW0QaFkiG_6",,,,,,"2026-04-07T04:09:19.000Z","Image","https://www.instagram.com/p/DW0QaFkiG_6/",,,,
"Video by Shooters Grill on April 03, 2026.","https://scontent-mad1-1.cdninstagram.com/o1/v/t2/f2/m78/AQN5zhaTIIO-yc7ipf-UpcybnA68hr7-eepg8MAA1sGTp7oN7f3e2j1q3nwzLToNuusH7CzuRn5WTxjYz0G2RSDFEFLtM4D8L6QoznU.mp4?_nc_cat=100&_nc_sid=9ca052&_nc_ht=scontent-mad1-1.cdninstagram.com&_nc_ohc=wv88sEBQfLQQ7kNvwHCDVra&efg=eyJ2ZW5jb2RlX3RhZyI6ImlnLXhwdmRzLmNsaXBzLmMyLUMzLmRhc2hfbG5faGVhYWNfdmJyM19hdWRpbyIsInZpZGVvX2lkIjpudWxsLCJvaWxfdXJsZ2VuX2FwcF9pZCI6OTM2NjE5NzQzMzkyNDU5LCJjbGllbnRfbmFtZSI6ImlnIiwieHB2X2Fzc2V0X2lkIjoxODExMDM0ODg5OTgyMzM3OCwiYXNzZXRfYWdlX2RheXMiOjE3MiwidmlfdXNlY2FzZV9pZCI6MTAwOTksImR1cmF0aW9uX3MiOjMwLCJiaXRyYXRlIjo3NDc3OCwidXJsZ2VuX3NvdXJjZSI6Ind3dyJ9&ccb=17-1&_nc_gid=r_-IMotJzDE3pUBUJbazpw&_nc_ss=7a22e&_nc_zt=28&oh=00_AQKXP3h9Dp6f-Y6B-cqyB4tChjjUbUdP8H4UEO2svwML2g&oe=6AB52BD5","If you haven't tried our South African T-Bone yet, are you even a steak lover? 🥩🔥
如果您还没尝过我们的南非丁骨牛排（T-Bone），您还算得上是牛排爱好者吗？🥩🔥

#SteakLovers  #TanzaniaFoodies #BBQLife #MeatLover #GrillMaster",,,,,,,,"0","1136","640","https://scontent-mad2-1.cdninstagram.com/v/t51.71878-15/658914023_923945496917683_9014800748638988497_n.jpg?stp=dst-jpg_e15_tt6&_nc_cat=110&ig_cache_key=Mzg2NzExNjgxMTAxNjA1MjgyOQ%3D%3D.3-ccb7-5&ccb=7-5&_nc_sid=58cdad&efg=eyJ2ZW5jb2RlX3RhZyI6IkNMSVBTLnhwaWRzLjY0MC5zZHIudmlkZW9fZGVmYXVsdF9jb3Zlcl9mcmFtZS5DMyJ9&_nc_ohc=lRLCgJXJcDMQ7kNvwG_tfwo&_nc_oc=AdqdCUVTA0HB2vgAsj_jiwGuYmuu0R98DYVUvDy19akouisxFiPR7DysnKax4FDEcOpdIRbCxl26glYMEVSWVBd1&_nc_ad=z-m&_nc_cid=0&_nc_zt=23&_nc_ht=scontent-mad2-1.cdninstagram.com&_nc_gid=r_-IMotJzDE3pUBUJbazpw&_nc_ss=7a22e&oh=00_AQIHgav7kTgGe1tn5-I2gyIXJLIB27YRMUKjfY20JmjN9w&oe=6AB902A0","","SteakLovers","TanzaniaFoodies","BBQLife","MeatLover","GrillMaster",,,"3867116811016052829","https://www.instagram.com/shooters_grill_dar/","false",,,,,,,,,,,,,,,,,,"4",,,,,"shooters_grill_dar","26506745545629462","false","","Original audio","true","1920","1080","Shooters Grill","24523847377","shooters_grill_dar","false","clips","DWqwkAxjaBd",,,,,,"2026-04-03T11:40:30.000Z","Video","https://www.instagram.com/p/DWqwkAxjaBd/","30.743219","704","https://scontent-mad1-1.cdninstagram.com/o1/v/t2/f2/m86/AQOQglq8pxrd8EZ7K9pDV8aZXlyAPlAJm2twKRqpB2v88OTAf2XYqo-KYKustZ-sM70BIz0Aj-yUej2d5q8uZ70xvrnmMyvaNjEl12c.mp4?_nc_cat=103&_nc_sid=5e9851&_nc_ht=scontent-mad1-1.cdninstagram.com&_nc_ohc=1XKgtylIdA0Q7kNvwGfpq4s&efg=eyJ2ZW5jb2RlX3RhZyI6Inhwdl9wcm9ncmVzc2l2ZS5JTlNUQUdSQU0uQ0xJUFMuQzMuNzIwLmRhc2hfYmFzZWxpbmVfMV92MSIsInhwdl9hc3NldF9pZCI6MTgxMTAzNDg4OTk4MjMzNzgsImFzc2V0X2FnZV9kYXlzIjoxNzIsInZpX3VzZWNhc2VfaWQiOjEwMDk5LCJkdXJhdGlvbl9zIjozMCwidXJsZ2VuX3NvdXJjZSI6Ind3dyJ9&ccb=17-1&vs=6cbcef639f80fdc6&_nc_vs=HBksFQIYUmlnX3hwdl9yZWVsc19wZXJtYW5lbnRfc3JfcHJvZC8wQTRBMTA3NTI1MDMxRTY2N0NBMjNEMjU5NDA3QkFBRl92aWRlb19kYXNoaW5pdC5tcDQVAALIARIAFQIYUWlnX3hwdl9wbGFjZW1lbnRfcGVybWFuZW50X3YyLzIyNEM4OURDMDQ2MUVFRkM3REI1MTZDNzY1NkFFRUIwX2F1ZGlvX2Rhc2hpbml0Lm1wNBUCAsgBEgAoABgAGwKIB3VzZV9vaWwBMRJwcm9ncmVzc2l2ZV9yZWNpcGUBMRUAACakvPWOhtGrQBUCKAJDMywXQD67peNT988YEmRhc2hfYmFzZWxpbmVfMV92MREAdf4HZeadAQA&_nc_gid=r_-IMotJzDE3pUBUJbazpw&_nc_zt=28&_nc_ss=7a22e&oh=00_AQLqQKHJY6P7emUR05_Si5JedX1r7BKZMbG10f1sLGZMBA&oe=6AB52E14","232"
"Photo by Shooters Grill on March 20, 2026.",,"And perhaps you will be grateful. Today, we are grateful for your loyalty and the spirit of this beautiful day. Have a legendary Eid! 🌙🔥

 #ShootersGrill #EidAlFitr #SteakhouseVibes #Eid2026 #GratefulHeart",,,,,,,,"0","1800","1440","https://instagram.fgla3-1.fna.fbcdn.net/v/t51.82787-15/655959839_18108786853823378_2704420010467462150_n.webp?_nc_cat=103&_nc_map=urlgen_bucketless&ig_cache_key=Mzg1Njk1MDIyMDY3MjUzNTY1Nw%3D%3D.3-ccb7-5&ccb=7-5&_nc_sid=58cdad&efg=eyJ2ZW5jb2RlX3RhZyI6IkZFRUQueHBpZHMuMTQ0MC5zZHIucmVndWxhcl9waG90by5DMyJ9&_nc_ohc=JcMr0UOgvkEQ7kNvwFrrzia&_nc_oc=Adra_bYoYb_wTezZvOuXHnImcox24L2uc8mRgkMepcQTeQQG0RGCqo9-tcNJBnhsZleO7g-NeDfGATfoaoYx5_b8&_nc_ad=z-m&_nc_cid=0&_nc_zt=23&_nc_ht=instagram.fgla3-1.fna&_nc_gid=gA1SNMvlS8azKhvfOGIhZg&_nc_ss=7a22e&oh=00_AQJrx0Zrb6_9EgRBOzDVkRrw-y8yP40PCPtb3kGRGAo5cQ&oe=6AB92C2D","","ShootersGrill","EidAlFitr","SteakhouseVibes","Eid2026","GratefulHeart",,,"3856950220672535657","https://www.instagram.com/shooters_grill_dar/","false",,,,,,,,,,,,,,,,,,"5",,,,,,,,,,,"1800","1440","Shooters Grill","24523847377","shooters_grill_dar","false","feed","DWGo8prjQxp",,,,,,"2026-03-20T10:58:37.000Z","Image","https://www.instagram.com/p/DWGo8prjQxp/",,,,
"Photo by Shooters Grill on March 09, 2026.",,"There’s nothing quite like that first bite of a masterfully prepared meal with fresh flavours. 
.
.
.

Save your seat today!
📞  0754 880 160

#ShootersGrill #DarEsSalaamEats #TanzaniaFood #SteakhouseAndBar #OysterBay",,,,,,,,"0","1440","1440","https://scontent-nrt6-1.cdninstagram.com/v/t51.82787-15/648625710_18107390821823378_8965602900668878057_n.webp?_nc_cat=110&ig_cache_key=Mzg0OTA5MzEwODg5NDAyMDk1NQ%3D%3D.3-ccb7-5&ccb=7-5&_nc_sid=58cdad&efg=eyJ2ZW5jb2RlX3RhZyI6IkZFRUQueHBpZHMuMTQ0MC5zZHIucmVndWxhcl9waG90by5DMyJ9&_nc_ohc=DYxr2tRbppwQ7kNvwECVZPX&_nc_oc=Ado5bXb66jPFB5N69aOml8UH1tMnNkRB-Hd2dCvkRTMuHnsrqg-pT_TcQ8qBykuR598&_nc_ad=z-m&_nc_cid=0&_nc_zt=23&_nc_ht=scontent-nrt6-1.cdninstagram.com&_nc_gid=mfgW9vos-8b9Qo-Q-IDs7g&_nc_ss=7a22e&oh=00_AQJybedVD4iGtPtJV4MpUl2p6Cf2oadmK9rSh5nTyBwUJw&oe=6AB910BC","","ShootersGrill","DarEsSalaamEats","TanzaniaFood","SteakhouseAndBar","OysterBay",,,"3849093108894020955","https://www.instagram.com/shooters_grill_dar/","false",,,,,,,,,,,,,,,,,,"6",,,,,,,,,,,"1440","1440","Shooters Grill","24523847377","shooters_grill_dar","false","feed","DVqucoHCDVb",,,,,,"2026-03-09T14:48:01.000Z","Image","https://www.instagram.com/p/DVqucoHCDVb/",,,,
"Photo by Shooters Grill on March 12, 2026.",,"There’s no debate: this is exactly how a steak should be. 🥩🔥
 Find us at 1196 Haile Selassie Rd., Oyster Plaza for a meal that never disappoints. 

#ShootersGrill #SteakLovers #PerfectSear #SteakhouseVibes #OysterPlaza",,,,,,,,"0","1440","1440","https://scontent-icn2-1.cdninstagram.com/v/t51.82787-15/651451009_18107750245823378_305247383555713276_n.webp?_nc_cat=106&ig_cache_key=Mzg1MTE5MzMxMzcxMDE3NTE0Mg%3D%3D.3-ccb7-5&ccb=7-5&_nc_sid=58cdad&efg=eyJ2ZW5jb2RlX3RhZyI6IkZFRUQueHBpZHMuMTQ0MC5zZHIucmVndWxhcl9waG90by5DMyJ9&_nc_ohc=A9b_hMwPCdsQ7kNvwHrlTgP&_nc_oc=AdrUOB02QTdduNQ734hVdVDAUAlJ2xhu9wMCZauRSZK2l0JGzuj9CNyOJmv7UiSegJU&_nc_ad=z-m&_nc_cid=1753&_nc_zt=23&_nc_ht=scontent-icn2-1.cdninstagram.com&_nc_gid=CNLkTcHpH35sGUvX9l4VUA&_nc_ss=7a22e&oh=00_AQJJpQPdgoDtHNOSvkFmTAGmAvDqRgIRkROYqH3qMNtfrg&oe=6AB90376","","ShootersGrill","SteakLovers","PerfectSear","SteakhouseVibes","OysterPlaza",,,"3851193313710175142","https://www.instagram.com/shooters_grill_dar/","false",,,,,,,,,,,,,,,,,,"1",,,,,,,,,,,"1440","1440","Shooters Grill","24523847377","shooters_grill_dar","false","feed","DVyL-oRDfOm",,,,,,"2026-03-12T12:20:44.000Z","Image","https://www.instagram.com/p/DVyL-oRDfOm/",,,,
"Photo by Shooters Grill on March 16, 2026.",,"They say you can’t hear a picture, but we’re pretty sure you can smell this one. That perfect char isn't just a look; it's a promise of the best meal you’ve had all week. 🥩🔥

Tag someone who owes you a steak dinner.

#ShootersGrill  #GrillMasters #SteakLovers #BBQLife #MeatEater",,,,,,,,"0","1440","1440","https://instagram.fmel3-1.fna.fbcdn.net/v/t51.82787-15/653870237_18108252208823378_3099861892750569810_n.webp?_nc_cat=108&ig_cache_key=Mzg1NDA5NDk1Nzc2MjQwMDI3NQ%3D%3D.3-ccb7-5&ccb=7-5&_nc_sid=58cdad&efg=eyJ2ZW5jb2RlX3RhZyI6IkZFRUQueHBpZHMuMTQ0MC5zZHIucmVndWxhcl9waG90by5DMyJ9&_nc_ohc=evp7W7BR0fkQ7kNvwEcHsk1&_nc_oc=Adr0N8qbjjfe1sORbPuB9B-ObPWpykA8qradnjWakucf0Htk8piJtuajQew2i5BScrg&_nc_ad=z-m&_nc_cid=0&_nc_zt=23&_nc_ht=instagram.fmel3-1.fna&_nc_gid=KKqKcboX3mXiFXhQhfrwRQ&_nc_ss=7a22e&oh=00_AQJYQXuwAc2I5eKHSlylj-hKFD7Ay0przvrHnp2pqLOipg&oe=6AB90EA7","","ShootersGrill","GrillMasters","SteakLovers","BBQLife","MeatEater",,,"3854094957762400275","https://www.instagram.com/shooters_grill_dar/","false",,,,,,,,,,,,,,,,,,"2",,,,,,,,,,,"1440","1440","Shooters Grill","24523847377","shooters_grill_dar","false","feed","DV8fvG4DVAT",,,,,,"2026-03-16T12:25:43.000Z","Image","https://www.instagram.com/p/DV8fvG4DVAT/",,,,
"Photo by Shooters Grill on March 25, 2026.",,"The 7 PM rush is about to begin. Don’t settle for a basic dinner, get the Shooters Grill experience.

#PerfectSteak #GrilledToPerfection #NightOut #ShootersGrill",,,,,,,,"0","1440","1440","https://instagram.fmex42-1.fna.fbcdn.net/v/t51.82787-15/657572167_18109471387823378_6632306209478842038_n.webp?_nc_cat=111&_nc_map=urlgen_bucketless&ig_cache_key=Mzg2MDYxMzIwMzExODM1NjQ2Nw%3D%3D.3-ccb7-5&ccb=7-5&_nc_sid=58cdad&efg=eyJ2ZW5jb2RlX3RhZyI6IkZFRUQueHBpZHMuMTQ0MC5zZHIucmVndWxhcl9waG90by5DMyJ9&_nc_ohc=l6uMxT3L0TgQ7kNvwF06E-u&_nc_oc=AdqaADgGxdDYL_Eyqe5UhfGfqOfA7CybFIDhnk0YQa8OJtitdLhFkJxpRoAYevX7tK2IipcJEygrq9eni2ivhedJ&_nc_ad=z-m&_nc_cid=0&_nc_zt=23&_nc_ht=instagram.fmex42-1.fna&_nc_gid=bopvpHZmfY3btXdIjWMuVg&_nc_ss=7a22e&oh=00_AQJNLFiHi98EisEX_HYG-MVcr11g2ifVRchjbwfFLKfsNw&oe=6AB903F3","","PerfectSteak","GrilledToPerfection","NightOut","ShootersGrill",,,,"3860613203118356467","https://www.instagram.com/shooters_grill_dar/","false",,,,,,,,,,,,,,,,,,"3",,,,,,,,,,,"1440","1440","Shooters Grill","24523847377","shooters_grill_dar","false","feed","DWTp0D7DXfz",,,,,,"2026-03-25T12:16:21.000Z","Image","https://www.instagram.com/p/DWTp0D7DXfz/",,,,
"Video by Shooters Grill on March 23, 2026.","https://scontent-nrt1-1.cdninstagram.com/o1/v/t2/f2/m78/AQPWLUUSfk4zoLOvbUiLHUAYZ6oh22OAHwVryEhCezQxbnQsDeZEUUKgyCcXRhblyeR8oQMk4mK8tj4VL_5uK9K67FcAB4WZM7Y1MlU.mp4?_nc_cat=103&_nc_sid=9ca052&_nc_ht=scontent-nrt1-1.cdninstagram.com&_nc_ohc=lXaGiC7Cze4Q7kNvwFDSbXy&efg=eyJ2ZW5jb2RlX3RhZyI6ImlnLXhwdmRzLmNsaXBzLmMyLUMzLmRhc2hfbG5faGVhYWNfdmJyM19hdWRpbyIsInZpZGVvX2lkIjpudWxsLCJvaWxfdXJsZ2VuX2FwcF9pZCI6OTM2NjE5NzQzMzkyNDU5LCJjbGllbnRfbmFtZSI6ImlnIiwieHB2X2Fzc2V0X2lkIjoxODEwOTI2NDk2OTgyMzM3OCwiYXNzZXRfYWdlX2RheXMiOjE4MywidmlfdXNlY2FzZV9pZCI6MTAwOTksImR1cmF0aW9uX3MiOjIxLCJiaXRyYXRlIjo2MzYzNywidXJsZ2VuX3NvdXJjZSI6Ind3dyJ9&ccb=17-1&_nc_gid=RokW6jmkpqmXMu3tURKgxQ&_nc_ss=7a22e&_nc_zt=28&oh=00_AQIC5Vgix2_aDEnoHdXa4rhUtgZgNkd9cTh1IHUBoDQkpQ&oe=6AB51190","We take our grilling seriously so you can take your dining easily. 🥂

#ShootersGrill #SteakHouse #TBoneSteak #GrillMaster #DinnerGoals #FoodExperience #steaklovers",,,,,,,,"0","1920","1080","https://scontent-nrt6-1.cdninstagram.com/v/t51.82787-15/655996398_18109265149823378_7496315104435806012_n.jpg?stp=dst-jpg_e15_tt6&_nc_cat=100&ig_cache_key=Mzg1OTE2NzYyNzQxOTY0Nzc3OQ%3D%3D.3-ccb7-5&ccb=7-5&_nc_sid=58cdad&efg=eyJ2ZW5jb2RlX3RhZyI6IkNMSVBTLnhwaWRzLjEwODAuc2RyLnZpZGVvX2RlZmF1bHRfY292ZXJfZnJhbWUuQzMifQ%3D%3D&_nc_ohc=W4o_2EZi2LgQ7kNvwG4-vVk&_nc_oc=AdqQzdHcSmudHmLXsELfT0Axoy5xwLoP8cGJaioo47ubo8ksnggz7Ati4tGkHc36zvw&_nc_ad=z-m&_nc_cid=0&_nc_zt=23&_nc_ht=scontent-nrt6-1.cdninstagram.com&_nc_gid=RokW6jmkpqmXMu3tURKgxQ&_nc_ss=7a22e&oh=00_AQJZHWFdhZdS44-fIHqzRtj332edt8LNOrsgpo76wSm7jA&oe=6AB90A2B","","ShootersGrill","SteakHouse","TBoneSteak","GrillMaster","DinnerGoals","FoodExperience","steaklovers","3859167627419647779","https://www.instagram.com/shooters_grill_dar/","false",,,,,,,,,,,,,,,,,,"8",,,,,"shooters_grill_dar","26239583639045108","false","","Original audio","true","1920","1080","Shooters Grill","24523847377","shooters_grill_dar","false","clips","DWOhIKpCP8j",,,,,,"2026-03-23T12:26:02.000Z","Video","https://www.instagram.com/p/DWOhIKpCP8j/","21.9","802","https://scontent-nrt1-1.cdninstagram.com/o1/v/t16/f2/m69/AQOSNyDcUznxUlEzmr_4-HVTRyqD8dUVeyjmy8PHI7BAW5fMgPk2IWVXHSRNHFEkE9k2fVhXigwdt-1A4KSEjJ0t.mp4?strext=1&_nc_cat=109&_nc_sid=5e9851&_nc_ht=scontent-nrt1-1.cdninstagram.com&_nc_ohc=FpMD0qEGsF8Q7kNvwGNDHf5&efg=eyJ2ZW5jb2RlX3RhZyI6Inhwdl9wcm9ncmVzc2l2ZS5JTlNUQUdSQU0uQ0xJUFMuQzMuNzIwLmRhc2hfYmFzZWxpbmVfMV92MSIsInhwdl9hc3NldF9pZCI6MTgxMDkyNjQ5Njk4MjMzNzgsImFzc2V0X2FnZV9kYXlzIjoxODMsInZpX3VzZWNhc2VfaWQiOjEwMDk5LCJkdXJhdGlvbl9zIjoyMSwidXJsZ2VuX3NvdXJjZSI6Ind3dyJ9&ccb=17-1&vs=93bb4adc692d6350&_nc_vs=HBksFQIYOnBhc3N0aHJvdWdoX2V2ZXJzdG9yZS9HRmlRNnlZTVo3bXlwRGdGQUZXM01zbWNGekVNYnNwVEFRQUYVAALIARIAFQIYUWlnX3hwdl9wbGFjZW1lbnRfcGVybWFuZW50X3YyL0JCNDAzMkI3MEY3MEFGODhEQzg1ODEzRDVCOTM1QTlEX2F1ZGlvX2Rhc2hpbml0Lm1wNBUCAsgBEgAoABgAGwKIB3VzZV9vaWwBMRJwcm9ncmVzc2l2ZV9yZWNpcGUBMRUAACak0tua-pGrQBUCKAJDMywXQDXmZmZmZmYYEmRhc2hfYmFzZWxpbmVfMV92MREAdf4HZeadAQA&_nc_gid=RokW6jmkpqmXMu3tURKgxQ&_nc_ss=7a22e&_nc_zt=28&oh=00_AQIdgOvR2uf-G-Dro5213EfS1ybcuANx4D8XGaqZK5EJUg&oe=6AB918B3","248"
"Photo by Shooters Grill on April 04, 2026.",,"Seats are filling up fast! Don't spend your Easter in the kitchen - let us handle the grill while you enjoy the chill.

Reserve your table today!

#ShootersGrill #EasterSunday #SteakhouseVibes #easterbrunch",,,,,,,,"0","1440","1152","https://scontent-mxp2-1.cdninstagram.com/v/t51.82787-15/657849294_18110440390823378_1011803003245214365_n.webp?_nc_cat=111&ig_cache_key=Mzg2NzgwNDI1MDA3NjQzMTMyMQ%3D%3D.3-ccb7-5&ccb=7-5&_nc_sid=58cdad&efg=eyJ2ZW5jb2RlX3RhZyI6IkZFRUQueHBpZHMuMTE1Mi5zZHIucmVndWxhcl9waG90by5DMyJ9&_nc_ohc=EKah7_P3D3MQ7kNvwE1uu3n&_nc_oc=AdrCruhgjMwFGb38nKI9UI4j660SFbgnzcFhnK5oPCppZzzVPzwmH8qrOtaN-zehsvo&_nc_ad=z-m&_nc_cid=0&_nc_zt=23&_nc_ht=scontent-mxp2-1.cdninstagram.com&_nc_gid=ktPnmNbqNstInD5yPbD-cw&_nc_ss=7a22e&oh=00_AQJetR-l_4NlqZPNiehonKXs3_Y2lSrO2dC7-cdvmnlBgg&oe=6AB918CC","","ShootersGrill","EasterSunday","SteakhouseVibes","easterbrunch",,,,"3867804250076431321","https://www.instagram.com/shooters_grill_dar/","false",,,,,,,,,,,,,,,,,,"3",,,,,,,,,,,"1440","1152","Shooters Grill","24523847377","shooters_grill_dar","false","feed","DWtM3kSjUPZ",,,,,,"2026-04-04T10:23:40.000Z","Image","https://www.instagram.com/p/DWtM3kSjUPZ/",,,,
"Photo by Shooters Grill on April 30, 2026.",,"Happy labor day 🥂

#shooters_grill_bar #laborday2026 #weekendplans",,,,,,,,"0","2048","2048","https://instagram.fmex3-2.fna.fbcdn.net/v/t39.30808-6/686163602_1623196473148642_3815839690423522841_n.jpg?stp=dst-jpg_e35_tt6&_nc_cat=107&_nc_map=urlgen_bucketless&ig_cache_key=Mzg4NzE5NTQ3OTkyNjIxNDg2Mg%3D%3D.3-ccb7-5&ccb=7-5&_nc_sid=58cdad&efg=eyJ2ZW5jb2RlX3RhZyI6IkZFRUQueHBpZHMuMjA0OC5zZHIucmVndWxhcl9waG90by5DMyJ9&_nc_ohc=HldXs0FupTYQ7kNvwFdMn0F&_nc_oc=AdqUGYTYd42L19LUapJGBQcyXG4lh1yWRxQUdiEyyH8PT7HRFsiJ8JHd67h0Fx7gaC0&_nc_ad=z-m&_nc_cid=0&_nc_zt=23&_nc_ht=instagram.fmex3-2.fna&_nc_gid=5YWl8kVrgFiyQtbFM1Rq8Q&_nc_ss=7a22e&oh=00_AQLA-bCOO75dE5ZduBm7FkSL1g52gfivLrJ2YzDS3ttAhA&oe=6AB93141","","shooters_grill_bar","laborday2026","weekendplans",,,,,"3887195479926214862","https://www.instagram.com/shooters_grill_dar/","false",,,,,,,,,,,,,,,,,,"2",,,,,,,,,,,"2048","2048","Shooters Grill","24523847377","shooters_grill_dar","false","feed","DXyF7GZgZDO",,,,,,"2026-05-01T04:30:33.000Z","Image","https://www.instagram.com/p/DXyF7GZgZDO/",,,,
"Photo by Shooters Grill on February 13, 2026.",,"Happy Valentine’s from @shooters_grill_dar 🥩❤️

 #ShootersGrill #OysterBay #DarEsSalaam #ValentinesDay2026 #",,,,,,,,"0","1440","1440","https://instagram.fgrq1-1.fna.fbcdn.net/v/t51.82787-15/630716538_18105142675823378_3473997872072421007_n.webp?_nc_cat=111&_nc_map=urlgen_bucketless&ig_cache_key=MzgzMjE3MTM4NjA2ODUzNDUxNw%3D%3D.3-ccb7-5&ccb=7-5&_nc_sid=58cdad&efg=eyJ2ZW5jb2RlX3RhZyI6IkZFRUQueHBpZHMuMTQ0MC5zZHIucmVndWxhcl9waG90by5DMyJ9&_nc_ohc=PQoKntp0NusQ7kNvwHoxdrm&_nc_oc=AdqW00Ic1T0WwzTwtToRWnH77_JkpIxD0JV4pZpmse0T3u5csZPhbCLO3aZYFyjsh1I&_nc_ad=z-m&_nc_cid=0&_nc_zt=23&_nc_ht=instagram.fgrq1-1.fna&_nc_gid=nQvYbLhtSzhDSOt6Qci3Ag&_nc_ss=7a22e&oh=00_AQLZuHRViZEWjnQD-gzZxDvGgLLQLNjmPwDSJV2gAWTEoA&oe=6AB92C97","","ShootersGrill","OysterBay","DarEsSalaam","ValentinesDay2026",,,,"3832171386068534517","https://www.instagram.com/shooters_grill_dar/","false",,,,,,,,,,,,,,,,,,"7",,,"shooters_grill_dar",,,,,,,,"1440","1440","Shooters Grill","24523847377","shooters_grill_dar","false","feed","DUum5JpCAT1",,,,,,"2026-02-14T06:27:34.000Z","Image","https://www.instagram.com/p/DUum5JpCAT1/",,,,
"Photo by Shooters Grill on February 17, 2026.",,"Wishing our community a month of meaningful growth and even better meals. Our doors are open for Iftar and beyond,🤗 See you at the grill.😍

@shooters_grill_dar #Ramadan2026 #IftarSpot #GrillAndGrace",,,,,,,,"0","1440","1440","https://scontent-lga3-1.cdninstagram.com/v/t51.82787-15/632009512_18105495865823378_8901517637724510850_n.webp?_nc_cat=103&ig_cache_key=MzgzNDk1NzYyMTQ5NzQzMTI3OA%3D%3D.3-ccb7-5&ccb=7-5&_nc_sid=58cdad&efg=eyJ2ZW5jb2RlX3RhZyI6IkZFRUQueHBpZHMuMTQ0MC5zZHIucmVndWxhcl9waG90by5DMyJ9&_nc_ohc=perpdLOcj54Q7kNvwEUZM9D&_nc_oc=AdryLW1ndMSuFc6ShBoP74OJWEHWolzd9b8ucNLPfJYRfo40UrarAK70Ir8X1-0ON9EyD3a0Fhi0mYq3TB3p98dE&_nc_ad=z-m&_nc_cid=0&_nc_zt=23&_nc_ht=scontent-lga3-1.cdninstagram.com&_nc_gid=507xbuFwYrg4WxQUmbS1fw&_nc_ss=7a22e&oh=00_AQIe-bmXiDS2hAnVkWnbZD-0N3GgIbfFoZhYX7CwJBSngw&oe=6AB90410","","Ramadan2026","IftarSpot","GrillAndGrace",,,,,"3834957621497431278","https://www.instagram.com/shooters_grill_dar/","false",,,,,,,,,,,,,,,,,,"3",,,"shooters_grill_dar",,,,,,,,"1440","1440","Shooters Grill","24523847377","shooters_grill_dar","false","feed","DU4gaNmCATu",,,,,,"2026-02-18T02:43:19.000Z","Image","https://www.instagram.com/p/DU4gaNmCATu/",,,,
"Video by Shooters Grill on February 10, 2026.","https://scontent-ams2-1.cdninstagram.com/o1/v/t2/f2/m78/AQMLw2Q8_CGSek_If9e2jjkMPodSXcIHcT8-pYMWEc4mpP26rwOPVdoCNu7IYO6RPOrI5aKRLW5qb6c15ZslE_ppzG4LgFl_7xS8wYA.mp4?_nc_cat=110&_nc_sid=9ca052&_nc_ht=scontent-ams2-1.cdninstagram.com&_nc_ohc=t3cTjfZv-EgQ7kNvwFI0RRB&efg=eyJ2ZW5jb2RlX3RhZyI6ImlnLXhwdmRzLmNsaXBzLmMyLUMzLmRhc2hfbG5faGVhYWNfdmJyM19hdWRpbyIsInZpZGVvX2lkIjpudWxsLCJvaWxfdXJsZ2VuX2FwcF9pZCI6OTM2NjE5NzQzMzkyNDU5LCJjbGllbnRfbmFtZSI6ImlnIiwieHB2X2Fzc2V0X2lkIjoxODEwNDgyMjE2MTgyMzM3OCwiYXNzZXRfYWdlX2RheXMiOjIyNCwidmlfdXNlY2FzZV9pZCI6MTAwOTksImR1cmF0aW9uX3MiOjIzLCJiaXRyYXRlIjo3MTc1NywidXJsZ2VuX3NvdXJjZSI6Ind3dyJ9&ccb=17-1&_nc_gid=ZiAbYF9Gh5wdpJFzVmENuQ&_nc_ss=7a22e&_nc_zt=28&oh=00_AQJnDvrwoWbpQsQFHviDqhfpVIih9FRRtASHKd4gLDVi-Q&oe=6AB539BF","I’m not saying a steak from Shooters will solve all your problems, but have you ever seen someone crying while eating a ribeye? Exactly. 😌🥩

Stop scrolling and reserve your table now at Shooters. We’ve got the grill fired up and waiting for you.

#FoodGramDSM #ShootersGrill #DarFoodies #SteakDinner #Tanzania",,,,,,,,"0","1280","720","https://scontent-ams2-1.cdninstagram.com/v/t51.82787-15/631438953_18104822182823378_8198601957282690867_n.jpg?stp=dst-jpg_e15_tt6&_nc_cat=109&ig_cache_key=MzgyOTQyNTMwNjAzNDA5NDYxOTE4MTA0ODIyMTc5ODIzMzc4.3-ccb7-5&ccb=7-5&_nc_sid=58cdad&efg=eyJ2ZW5jb2RlX3RhZyI6IkNMSVBTLnhwaWRzLjcyMC5zZHIudmlkZW9fZGVmYXVsdF9jb3Zlcl9mcmFtZS5DMyJ9&_nc_ohc=Ql18VCNFlwAQ7kNvwGzu2Cx&_nc_oc=Adqf6gg5f-xr2tmLAgREijlEm37gE5Br74fq9Ng8xnyJ8iIO8uCramLUIMspClM_UuHny8Z7H3tuGloc4TYRIAWU&_nc_ad=z-m&_nc_cid=0&_nc_zt=23&_nc_ht=scontent-ams2-1.cdninstagram.com&_nc_gid=ZiAbYF9Gh5wdpJFzVmENuQ&_nc_ss=7a22e&oh=00_AQKrwxKyIb6aDSUA0mUkWQAY3AjwCSJa0iOsJe_bioo5Gg&oe=6AB92DA9","","FoodGramDSM","ShootersGrill","DarFoodies","SteakDinner","Tanzania",,,"3829425306034094619","https://www.instagram.com/shooters_grill_dar/","false",,,,,,,,,,,,,,,,,,"5",,,,,"shooters_grill_dar","25738114325851303","false","","Original audio","true","1920","1080","Shooters Grill","24523847377","shooters_grill_dar","false","clips","DUk2gbUDcIb",,,,,,"2026-02-10T11:31:55.000Z","Video","https://www.instagram.com/p/DUk2gbUDcIb/","23.498594","797","https://scontent-ams2-1.cdninstagram.com/o1/v/t2/f2/m367/AQONWHW7Ec83oQspeLrgC0wP3oEUdf4TKNrNmhtBPzt2pd3srOQBe1xBPmMmYk2XVzH2MVK7-u8w3IYWYnWShZXToRQdDwb-ZVQu8qsQGMEJbg.mp4?_nc_cat=110&_nc_sid=9ca052&_nc_ht=scontent-ams2-1.cdninstagram.com&_nc_ohc=4ibsUbacFS4Q7kNvwGMUYKA&efg=eyJ2ZW5jb2RlX3RhZyI6ImlnLXhwdmRzLmNsaXBzLmMyLUMzLmRhc2hfdnA5LWJhc2ljLWdlbjJfMTA4MHAiLCJ2aWRlb19pZCI6bnVsbCwib2lsX3VybGdlbl9hcHBfaWQiOjkzNjYxOTc0MzM5MjQ1OSwiY2xpZW50X25hbWUiOiJpZyIsInhwdl9hc3NldF9pZCI6MTgxMDQ4MjIxNjE4MjMzNzgsImFzc2V0X2FnZV9kYXlzIjoyMjQsInZpX3VzZWNhc2VfaWQiOjEwMDk5LCJkdXJhdGlvbl9zIjoyMywiYml0cmF0ZSI6MTY3MjYwMywidXJsZ2VuX3NvdXJjZSI6Ind3dyJ9&ccb=17-1&_nc_gid=ZiAbYF9Gh5wdpJFzVmENuQ&_nc_ss=7a22e&_nc_zt=28&oh=00_AQKhxpUQH2UIAelpuMgnlONcc9t2z_mB4xf0hjQ3z5h1iw&oe=6AB933AE","232"
"Photo by Shooters Grill on March 07, 2026.",,"To the women who bring grit, grace, and greatness to every room they enter...We see you, we appreciate you, and we’re inspired by you. 

Happy International Women’s Day! 🔥🌹 

#ShootersGrill #WomensDay #Inspiration #StrongWomen",,,,,,,,"0","1440","1440","https://instagram.fpcm1-2.fna.fbcdn.net/v/t51.82787-15/649199453_18107228737823378_6103286259808914378_n.webp?_nc_cat=101&_nc_map=urlgen_bucketless&ig_cache_key=Mzg0ODA4MTUwNjY2NTI0MzQzOQ%3D%3D.3-ccb7-5&ccb=7-5&_nc_sid=58cdad&efg=eyJ2ZW5jb2RlX3RhZyI6IkZFRUQueHBpZHMuMTQ0MC5zZHIucmVndWxhcl9waG90by5DMyJ9&_nc_ohc=Gtzi_4l5jIIQ7kNvwHg8WT9&_nc_oc=AdqiBxv5x5i5tkVRb8Ltte_JHLgOpJpW4N6PJa-cQD-BlT_pwtq_Uhfxz6ASc_WVuVE&_nc_ad=z-m&_nc_cid=0&_nc_zt=23&_nc_ht=instagram.fpcm1-2.fna&_nc_gid=QtQowqBoEiQYm2UE5WlMZA&_nc_ss=7a22e&oh=00_AQIGL87o4ZEzG1bajnM51hPWjaI4wyEJYl0rIUby3EuR3A&oe=6AB92DA4","","ShootersGrill","WomensDay","Inspiration","StrongWomen",,,,"3848081506665243439","https://www.instagram.com/shooters_grill_dar/","false",,,,,,,,,,,,,,,,,,"2",,,,,,,,,,,"1440","1440","Shooters Grill","24523847377","shooters_grill_dar","false","feed","DVnIb4HiCMv","","1439009218","false","https://instagram.fpcm1-2.fna.fbcdn.net/v/t51.2885-19/10520234_275976429257433_1526936341_a.jpg?stp=dst-jpg_s150x150_tt6&efg=eyJ2ZW5jb2RlX3RhZyI6InByb2ZpbGVfcGljLmRqYW5nby4xNTAuYzIifQ&_nc_ht=instagram.fpcm1-2.fna.fbcdn.net&_nc_cat=109&_nc_oc=Q6cZ2gGCkctJKt6YybICE4Mvw4be5JvWrS010La2mciXpfOezm_3CsBvFK49DdCMaJbONVw&_nc_ohc=Hu04f0MO_oMQ7kNvwGCGrnN&_nc_gid=QtQowqBoEiQYm2UE5WlMZA&edm=APs17CUBAAAA&ccb=7-5&oh=00_AQJyED9UTmzVB8pKRewXn418IRrG1FisrrWtoN21ald4Pg&oe=6AB93103&_nc_sid=10d13b","internationalwomensdayderby","2026-03-08T05:18:08.000Z","Image","https://www.instagram.com/p/DVnIb4HiCMv/",,,,
"Video by Shooters Grill on February 13, 2026.","https://instagram.fktw4-1.fna.fbcdn.net/o1/v/t2/f2/m78/AQMTDjDoOOFFaa8yh1t5nyRQwH-AHAc7sG51sZ1stiTcjk0UN_g1J-MJazbAabPn_TbUdO_Y89PCFet2RHrlODih189Awg_Xj-2mdGY.mp4?_nc_cat=106&_nc_oc=AdquXx2rUELNC4i0zMBmj8CWRTHTTRQJkf9lXMosf5h4rMUAnLiQsmYNEkc8Y-A87Y4&_nc_sid=9ca052&_nc_ht=instagram.fktw4-1.fna.fbcdn.net&_nc_ohc=M0A9V6uJvSsQ7kNvwFkeLab&efg=eyJ2ZW5jb2RlX3RhZyI6ImlnLXhwdmRzLmNsaXBzLmMyLUMzLmRhc2hfbG5faGVhYWNfdmJyM19hdWRpbyIsInZpZGVvX2lkIjpudWxsLCJvaWxfdXJsZ2VuX2FwcF9pZCI6OTM2NjE5NzQzMzkyNDU5LCJjbGllbnRfbmFtZSI6ImlnIiwieHB2X2Fzc2V0X2lkIjoxODEwNTA2NzQyMDgyMzM3OCwiYXNzZXRfYWdlX2RheXMiOjIyMSwidmlfdXNlY2FzZV9pZCI6MTAwOTksImR1cmF0aW9uX3MiOjEzLCJiaXRyYXRlIjo4MzU2MywidXJsZ2VuX3NvdXJjZSI6Ind3dyJ9&ccb=17-1&_nc_gid=ealUhZD6QHyQDdgwuOD3Eg&_nc_map=urlgen_bucketless&_nc_zt=28&_nc_ss=7a22e&oh=00_AQItjD0TkFOBD73eIey8xCvM-43I0CDGIzfmGdOot5qqqg&oe=6AB516F7","Whatever your game plan is this weekend, we’re just waiting on you. 🥂✨

#ShootersGrill #WeekendVibes #RooftopDining #steakhouseandbar",,,,,,,,"0","1280","720","https://instagram.fktw4-1.fna.fbcdn.net/v/t51.82787-15/632626142_18105067468823378_9030712561421138918_n.jpg?stp=dst-jpg_e15_tt6&_nc_cat=106&_nc_map=urlgen_bucketless&ig_cache_key=MzgzMTU4MzM3OTgyOTg5NzE2MTE4MTA1MDY3NDY1ODIzMzc4.3-ccb7-5&ccb=7-5&_nc_sid=58cdad&efg=eyJ2ZW5jb2RlX3RhZyI6IkNMSVBTLnhwaWRzLjcyMC5zZHIudmlkZW9fZGVmYXVsdF9jb3Zlcl9mcmFtZS5DMyJ9&_nc_ohc=zWQgBAYJ6q0Q7kNvwFNCLh2&_nc_oc=Adqadomr_KlpDLD2qcvI-4VfuUVTPXqFXfCGxc7ymia3n_Sl7JtuS56wJZskk0q4Zvs&_nc_ad=z-m&_nc_cid=0&_nc_zt=23&_nc_ht=instagram.fktw4-1.fna&_nc_gid=ealUhZD6QHyQDdgwuOD3Eg&_nc_ss=7a22e&oh=00_AQKU72iaUopUWbzBxlySIXYGsGtw65VeI72N8F9M0jD8tw&oe=6AB901F5","","ShootersGrill","WeekendVibes","RooftopDining","steakhouseandbar",,,,"3831583379829897161","https://www.instagram.com/shooters_grill_dar/","false",,,,,,,,,,,,,,,,,,"19",,,,,"shooters_grill_dar","34360407386883604","false","","Original audio","true","1920","1080","Shooters Grill","24523847377","shooters_grill_dar","false","clips","DUshMiKDTfJ",,,,,,"2026-02-13T11:00:09.000Z","Video","https://www.instagram.com/p/DUshMiKDTfJ/","13.931973","1234","https://instagram.fktw4-1.fna.fbcdn.net/o1/v/t16/f2/m69/AQPhYNmNrAMsVyRvt_gMhQ8OGy17BakLZgA4NB2tkAZGyxY1K5EZPk47M9DhItPuh9vz65AvtloAk-ZKNmk4Wwb7.mp4?strext=1&_nc_cat=111&_nc_oc=AdokbRuCdzjMfEg0wCjaRhxF8LEy3Zjm3-cF5xYllAANY6LwnsaWOJd25USEB6upoBw&_nc_sid=5e9851&_nc_ht=instagram.fktw4-1.fna.fbcdn.net&_nc_ohc=2DapdrDmkmIQ7kNvwHZcvA1&efg=eyJ2ZW5jb2RlX3RhZyI6Inhwdl9wcm9ncmVzc2l2ZS5JTlNUQUdSQU0uQ0xJUFMuQzMuNzIwLmRhc2hfYmFzZWxpbmVfMV92MSIsInhwdl9hc3NldF9pZCI6MTgxMDUwNjc0MjA4MjMzNzgsImFzc2V0X2FnZV9kYXlzIjoyMjEsInZpX3VzZWNhc2VfaWQiOjEwMDk5LCJkdXJhdGlvbl9zIjoxMywidXJsZ2VuX3NvdXJjZSI6Ind3dyJ9&ccb=17-1&vs=590c22b8ce625837&_nc_vs=HBksFQIYOnBhc3N0aHJvdWdoX2V2ZXJzdG9yZS9HTnZPNENYVjVFWmdzSW9FQU5tWFhEcjBMcjVmYnNwVEFRQUYVAALIARIAFQIYUWlnX3hwdl9wbGFjZW1lbnRfcGVybWFuZW50X3YyL0JFNERFRTJFNEE1RDQzNDlDQzEwMzg0N0VCNDcyQjgxX2F1ZGlvX2Rhc2hpbml0Lm1wNBUCAsgBEgAoABgAGwKIB3VzZV9vaWwBMRJwcm9ncmVzc2l2ZV9yZWNpcGUBMRUAACakvYWE0J2pQBUCKAJDMywXQCu7ZFocrAgYEmRhc2hfYmFzZWxpbmVfMV92MREAdf4HZeadAQA&_nc_gid=ealUhZD6QHyQDdgwuOD3Eg&_nc_map=urlgen_bucketless&_nc_zt=28&_nc_ss=7a22e&oh=00_AQIYxc7Vk_r-Up8qIfbQjfmbPKSQJQ8QODCTVISTXA4nKw&oe=6AB92325","540"
"Photo by Shooters Grill on February 03, 2026.",,"You’ve worked hard today; now let us handle the grill. 🥂✨

#ShootersGrill #SteakLover #InstaFood #grillandbar",,,,,,,,"0","1440","1440","https://scontent-fra3-2.cdninstagram.com/v/t51.82787-15/628102285_18104244400823378_583932730754180593_n.webp?_nc_cat=104&ig_cache_key=MzgyNDM4Mzc1OTMyMDE1NzU0OQ%3D%3D.3-ccb7-5&ccb=7-5&_nc_sid=58cdad&efg=eyJ2ZW5jb2RlX3RhZyI6IkZFRUQueHBpZHMuMTQ0MC5zZHIucmVndWxhcl9waG90by5DMyJ9&_nc_ohc=kO5qs8Y0VuUQ7kNvwF0sZ47&_nc_oc=AdpJbnrYuIkALEzKXDohmWl_9sGJxqkDA7J0eaH2Y9VqaBO6nR2fN-VrG2pslbm6bHGtnr5uwCHwG9VaoZ_DYh3K&_nc_ad=z-m&_nc_cid=0&_nc_zt=23&_nc_ht=scontent-fra3-2.cdninstagram.com&_nc_gid=75nuTiVXrThb89MUcAH5jw&_nc_ss=7a22e&oh=00_AQK8-bmKpt01sfZFVEh6tGiTrWXP1wGk4pxgFuE9vfGpHA&oe=6AB920E8","","ShootersGrill","SteakLover","InstaFood","grillandbar",,,,"3824383759320157549","https://www.instagram.com/shooters_grill_dar/","false",,,,,,,,,,,,,,,,,,"4",,,,,,,,,,,"1440","1440","Shooters Grill","24523847377","shooters_grill_dar","false","feed","DUS8MRDDQ1t",,,,,,"2026-02-03T12:34:55.000Z","Image","https://www.instagram.com/p/DUS8MRDDQ1t/",,,,
"Photo by Shooters Grill on March 05, 2026.",,"A craving this big deserves to be satisfied. 🥩🔥

Don't just stare; book your table now at 0754 880 160.

.
.
.

#ShootersGrill #SteakhouseAndBar #MeatLovers #TanzaniaEats #Worthythecrave",,,,,,,,"0","1440","1440","https://instagram.fbri1-1.fna.fbcdn.net/v/t51.82787-15/646042992_18106921888823378_1411449577882086300_n.webp?_nc_cat=106&_nc_map=urlgen_bucketless&ig_cache_key=Mzg0NjA1MzU4NzUxNjc0MDUzMg%3D%3D.3-ccb7-5&ccb=7-5&_nc_sid=58cdad&efg=eyJ2ZW5jb2RlX3RhZyI6IkZFRUQueHBpZHMuMTQ0MC5zZHIucmVndWxhcl9waG90by5DMyJ9&_nc_ohc=goZSJTDsM3kQ7kNvwGZHq86&_nc_oc=Ado_BRnWB-zWC-D4RfPHlwlqxYxqva89ZnRu3rcyuYzP62k5Dl2kSS4Pn8lORWeUMnA&_nc_ad=z-m&_nc_cid=0&_nc_zt=23&_nc_ht=instagram.fbri1-1.fna&_nc_gid=VZ-i99DFVSgeJF3t692rdQ&_nc_ss=7a22e&oh=00_AQIc92zisJa9MVZYCxMHjlnHmYrkKbROAT-VTjVu2jrIWA&oe=6AB912C3","","ShootersGrill","SteakhouseAndBar","MeatLovers","TanzaniaEats","Worthythecrave",,,"3846053587516740532","https://www.instagram.com/shooters_grill_dar/","false",,,,,,,,,,,,,,,,,,"3",,,,,,,,,,,"1440","1440","Shooters Grill","24523847377","shooters_grill_dar","false","feed","DVf7VxPDVO0",,,,,,"2026-03-05T10:09:01.000Z","Image","https://www.instagram.com/p/DVf7VxPDVO0/",,,,
"Photo by Shooters Grill on January 27, 2026.",,"Sometimes you just need a succulent steak and healthy sides to reset for the week. No stress, just great flavor.🥳💫

#ShootersGrill #SteakLover #DinnerVibes #Steakhouse #foodietanzania",,,,,,,,"0","1440","1440","https://instagram.fktw6-1.fna.fbcdn.net/v/t51.82787-15/623670032_18103599763823378_5714781463006723123_n.webp?_nc_cat=103&_nc_map=urlgen_bucketless&ig_cache_key=MzgxOTg0OTcyNjA0OTQ1NzU5Nw%3D%3D.3-ccb7-5&ccb=7-5&_nc_sid=58cdad&efg=eyJ2ZW5jb2RlX3RhZyI6IkZFRUQueHBpZHMuMTQ0MC5zZHIucmVndWxhcl9waG90by5DMyJ9&_nc_ohc=kaxTBlZbnF8Q7kNvwFH0Z_r&_nc_oc=Adqw-PSbzkc67U-tndAno-g3Nr46FVsnYC810_NpzYHYlsgLUYFW2qq7sQNcL_tEhhThV0Ag_RUIwD7WpEy9GSfL&_nc_ad=z-m&_nc_cid=0&_nc_zt=23&_nc_ht=instagram.fktw6-1.fna&_nc_gid=pdNLpNuV4DPh_ZafY2oTzQ&_nc_ss=7a22e&oh=00_AQKfq3BSw615yoWabrEME0mtIJlqQG2SfgLnUoreTZ3gQg&oe=6AB903ED","","ShootersGrill","SteakLover","DinnerVibes","Steakhouse","foodietanzania",,,"3819849726049457597","https://www.instagram.com/shooters_grill_dar/","false",,,,,,,,,,,,,,,,,,"4",,,,,,,,,,,"1440","1440","Shooters Grill","24523847377","shooters_grill_dar","false","feed","DUC1RZgjRW9",,,,,,"2026-01-28T06:26:36.000Z","Image","https://www.instagram.com/p/DUC1RZgjRW9/",,,,
"Photo by Shooters Grill on January 21, 2026.",,"I like my skin crispy and my rice fluffy. 🍚🍖 Everything else is just secondary.

Tag a friend who needs to take a bite of this! 👇

@shooters_grill_dar @shooters_grill_dar_menu #ComfortFood #Foodstagram #CheatMeal",,,,,,,,"1","1800","1440","https://instagram.fitp1-1.fna.fbcdn.net/v/t51.82787-15/619163235_18102838186823378_3810190295245265610_n.jpg?stp=dst-jpg_e35_tt6&_nc_cat=100&_nc_map=urlgen_bucketless&ig_cache_key=MzgxNTUwNTM1MzcyNzg3NDk0Mw%3D%3D.3-ccb7-5&ccb=7-5&_nc_sid=58cdad&efg=eyJ2ZW5jb2RlX3RhZyI6IkZFRUQueHBpZHMuMTQ0MC5zZHIucmVndWxhcl9waG90by5DMyJ9&_nc_ohc=8W3m2t6MfPEQ7kNvwHwD8g8&_nc_oc=AdoUYNVwunQM6HdZ3y_78-o-fQ7FD2kicR_ghu5sscZg2whsA7dxcyOanotzovJaqMk&_nc_ad=z-m&_nc_cid=0&_nc_zt=23&_nc_ht=instagram.fitp1-1.fna&_nc_gid=TuMrR7EEPDyEU8v0Fvh-3w&_nc_ss=7a22e&oh=00_AQLIJ_O52RndXCSphY_cRrqdfBUSHiwHrvILdy8xgqsfAA&oe=6AB9281C","@minwa_lidia @upendomkonge","ComfortFood","Foodstagram","CheatMeal",,,,,"3815505353727874943","https://www.instagram.com/shooters_grill_dar/","false","18038302727727246","0",,"45868997086",,,"false",,,"https://instagram.fbsb13-1.fna.fbcdn.net/v/t51.82787-19/536467111_18049406453533087_2779783855475357222_n.jpg?stp=dst-jpg_s150x150_tt6&efg=eyJ2ZW5jb2RlX3RhZyI6InByb2ZpbGVfcGljLmRqYW5nby4xMDgwLmMyIn0&_nc_ht=instagram.fbsb13-1.fna.fbcdn.net&_nc_cat=107&_nc_oc=Q6cZ2gHoJnxxxZM0ywbBys_BxosvdEQy17q88CXzZN2tYeIYRXJ_T7aIKlG9mmznrK3nQRQ&_nc_ohc=6plj1GT3EVYQ7kNvwE9q13c&_nc_gid=0hwYmt4rCx1PCYzFRkWYDQ&edm=APs17CUBAAAA&ccb=7-5&oh=00_AQLRx2W2j8EVetcyFJL-zENCzHfpQ0QurFaHRCm7skK-jw&oe=6AB9199C&_nc_sid=10d13b","daisy_blessin","https://instagram.fbsb13-1.fna.fbcdn.net/v/t51.82787-19/536467111_18049406453533087_2779783855475357222_n.jpg?stp=dst-jpg_s150x150_tt6&efg=eyJ2ZW5jb2RlX3RhZyI6InByb2ZpbGVfcGljLmRqYW5nby4xMDgwLmMyIn0&_nc_ht=instagram.fbsb13-1.fna.fbcdn.net&_nc_cat=107&_nc_oc=Q6cZ2gHoJnxxxZM0ywbBys_BxosvdEQy17q88CXzZN2tYeIYRXJ_T7aIKlG9mmznrK3nQRQ&_nc_ohc=6plj1GT3EVYQ7kNvwE9q13c&_nc_gid=0hwYmt4rCx1PCYzFRkWYDQ&edm=APs17CUBAAAA&ccb=7-5&oh=00_AQLRx2W2j8EVetcyFJL-zENCzHfpQ0QurFaHRCm7skK-jw&oe=6AB9199C&_nc_sid=10d13b","daisy_blessin",,,"@minwa_lidia @upendomkonge","2026-01-23T10:18:59.000Z","4",,,"shooters_grill_dar","shooters_grill_dar_menu",,,,,,,"1800","1440","Shooters Grill","24523847377","shooters_grill_dar","false","feed","DTzZedfjRd_",,,,,,"2026-01-22T06:35:04.000Z","Image","https://www.instagram.com/p/DTzZedfjRd_/",,,,
"Video by Shooters Grill on February 23, 2026.","https://instagram.fbri2-1.fna.fbcdn.net/o1/v/t2/f2/m78/AQM2IHRWuIqp7fqoCfdhe8hS2fPA0kfFHnvWPMlQNsW-o2HpPMciHKSzwbepBcweACpgxfPfompEyfzz0z0czR3G8p9_-HQrTanRlMY.mp4?_nc_cat=106&_nc_oc=AdqYHqewZfcUs9VubWo52BtOMWUOpAw2QQh-GTY6LaN4GDYl50fxhp6d-Yv2QmG1_rY&_nc_sid=9ca052&_nc_ht=instagram.fbri2-1.fna.fbcdn.net&_nc_ohc=TLAmA_GfoUcQ7kNvwE-N9s-&efg=eyJ2ZW5jb2RlX3RhZyI6ImlnLXhwdmRzLmNsaXBzLmMyLUMzLmRhc2hfbG5faGVhYWNfdmJyM19hdWRpbyIsInZpZGVvX2lkIjpudWxsLCJvaWxfdXJsZ2VuX2FwcF9pZCI6OTM2NjE5NzQzMzkyNDU5LCJjbGllbnRfbmFtZSI6ImlnIiwieHB2X2Fzc2V0X2lkIjoxODEwNjA1OTI1MzgyMzM3OCwiYXNzZXRfYWdlX2RheXMiOjIxMCwidmlfdXNlY2FzZV9pZCI6MTAwOTksImR1cmF0aW9uX3MiOjEyLCJiaXRyYXRlIjo2ODc2NywidXJsZ2VuX3NvdXJjZSI6Ind3dyJ9&ccb=17-1&_nc_gid=beCtImxgSHPMh0-UXSNuNQ&_nc_ss=7a22e&_nc_map=urlgen_bucketless&_nc_zt=28&oh=00_AQIT8dtYs3PE6W2VBRI0mIQPuEVGeKY53bKUEAfapLlAnA&oe=6AB50FD3","At the bar is where the story begins, lets not do average.🤗🔥

#DrinkResponsibly #BarLife #ShootersGrill #finedininglovers",,,,,,,,"0","1136","640","https://instagram.fbri2-1.fna.fbcdn.net/v/t51.71878-15/641250221_953281437127037_7751025696584010675_n.jpg?stp=dst-jpg_e15_tt6&_nc_cat=102&_nc_map=urlgen_bucketless&ig_cache_key=MzgzOTM2NjAzMzIxNTkwMTM5NQ%3D%3D.3-ccb7-5&ccb=7-5&_nc_sid=58cdad&efg=eyJ2ZW5jb2RlX3RhZyI6IkNMSVBTLnhwaWRzLjY0MC5zZHIudmlkZW9fZGVmYXVsdF9jb3Zlcl9mcmFtZS5DMyJ9&_nc_ohc=GCTYaLdSzOgQ7kNvwH9TtQV&_nc_oc=AdoxePLGpJZ_NAB7yfsEsyRxWsyD7mBAT932ARdjcmfifzcrEdECqr8A4b00l79Y3F4&_nc_ad=z-m&_nc_cid=0&_nc_zt=23&_nc_ht=instagram.fbri2-1.fna&_nc_gid=beCtImxgSHPMh0-UXSNuNQ&_nc_ss=7a22e&oh=00_AQI3KrVu5v2mSd27v-CLNlWLNgCGpCaFSVIjSWzdJ31K6Q&oe=6AB91305","","DrinkResponsibly","BarLife","ShootersGrill","finedininglovers",,,,"3839366033215901395","https://www.instagram.com/shooters_grill_dar/","false",,,,,,,,,,,,,,,,,,"5",,,,,"Lithe, Don Toliver","1364313211311508","false","","Cannonball (feat. Don Toliver)","false","1920","1080","Shooters Grill","24523847377","shooters_grill_dar","false","clips","DVIKxC8iM7T",,,,,,"2026-02-24T04:42:12.000Z","Video","https://www.instagram.com/p/DVIKxC8iM7T/","12.422676","526","https://instagram.fbri2-1.fna.fbcdn.net/o1/v/t16/f2/m69/AQNCGZ7ZUNznrjoYJbG7pyYPplvxzeCKvhY7sC4htsY7KoqlFS6G3s_qeAFagvpOOD98RygOYJVj_x2xjrBVsjY8.mp4?strext=1&_nc_cat=111&_nc_oc=AdpapI_ZchShnjl3zCZZMvhHZUSHEJyP8KwmBMfhXMGl7QpIlG7mcryfFp028DhAYKc&_nc_sid=5e9851&_nc_ht=instagram.fbri2-1.fna.fbcdn.net&_nc_ohc=GrZXIQfJ8AYQ7kNvwFX6xI2&efg=eyJ2ZW5jb2RlX3RhZyI6Inhwdl9wcm9ncmVzc2l2ZS5JTlNUQUdSQU0uQ0xJUFMuQzMuNzIwLmRhc2hfYmFzZWxpbmVfMV92MSIsInhwdl9hc3NldF9pZCI6MTgxMDYwNTkyNTM4MjMzNzgsImFzc2V0X2FnZV9kYXlzIjoyMTAsInZpX3VzZWNhc2VfaWQiOjEwMDk5LCJkdXJhdGlvbl9zIjoxMiwidXJsZ2VuX3NvdXJjZSI6Ind3dyJ9&ccb=17-1&vs=25de1fedd281378a&_nc_vs=HBksFQIYOnBhc3N0aHJvdWdoX2V2ZXJzdG9yZS9HQ3l0QlNZYTIwZ0hiVDREQUZmMS12eHpjbHc4YnNwVEFRQUYVAALIARIAFQIYUWlnX3hwdl9wbGFjZW1lbnRfcGVybWFuZW50X3YyLzhGNDVFRjQyNzUyMzFCNjM0RDg5REE2QjVGQzk5ODk4X2F1ZGlvX2Rhc2hpbml0Lm1wNBUCAsgBEgAoABgAGwKIB3VzZV9vaWwBMRJwcm9ncmVzc2l2ZV9yZWNpcGUBMRUAACak3tnhrdepQBUCKAJDMywXQCiqfvnbItEYEmRhc2hfYmFzZWxpbmVfMV92MREAdf4HZeadAQA&_nc_gid=beCtImxgSHPMh0-UXSNuNQ&_nc_ss=7a22e&_nc_map=urlgen_bucketless&_nc_zt=28&oh=00_AQIZkB2-H86vgATTJL1zUtzSSCAzlBBuEdjk22m4a0s45g&oe=6AB90EB5","158"
"Photo by Shooters Grill on February 20, 2026.",,"It’s not just about cooking; it’s mastering the flame to bring you steak as it was meant to be.

ShootersGrill #DarEsSalaam #TanzaniaFood #DarEats #SteakHouse #mastertheflame",,,,,,,,"0","1440","1152","https://instagram.fmad6-1.fna.fbcdn.net/v/t51.82787-15/639551935_18105716800823378_7508958379683437828_n.webp?_nc_cat=105&_nc_map=urlgen_bucketless&ig_cache_key=MzgzNjYyNjU5MjMzNjc4NDEwOA%3D%3D.3-ccb7-5&ccb=7-5&_nc_sid=58cdad&efg=eyJ2ZW5jb2RlX3RhZyI6IkZFRUQueHBpZHMuMTE1Mi5zZHIucmVndWxhcl9waG90by5DMyJ9&_nc_ohc=SmP5C4ciOHgQ7kNvwFIh9pX&_nc_oc=AdrMQok05YMePfcZ22lc2FP43rr1fq2o1r3jVz3FMzodg89N86fUv90nTDZysrepN0g&_nc_ad=z-m&_nc_cid=0&_nc_zt=23&_nc_ht=instagram.fmad6-1.fna&_nc_gid=a2XK7xMVHILejr3AJRBQYA&_nc_ss=7a22e&oh=00_AQIk3FSViocbUenAtD9lKm9_Eye9BGEQszSDfOMaZGHsJQ&oe=6AB912C3","","DarEsSalaam","TanzaniaFood","DarEats","SteakHouse","mastertheflame",,,"3836626592336784108","https://www.instagram.com/shooters_grill_dar/","false",,,,,,,,,,,,,,,,,,"4",,,,,,,,,,,"1440","1152","Shooters Grill","24523847377","shooters_grill_dar","false","feed","DU-b470DSrs",,,,,,"2026-02-20T09:59:14.000Z","Image","https://www.instagram.com/p/DU-b470DSrs/",,,,
"Photo by Shooters Grill on December 31, 2025.",,"We’re aiming high for 2026, may your year be full of hits and zero misses. 
Let’s make it a year to remember! 🎯🔥

#ShootersGrill #LegendaryCustomers #NewYear2026 #steakhouseandbar #cheers",,,,,,,,"0","1440","1440","https://instagram.fbio2-1.fna.fbcdn.net/v/t51.82787-15/609402224_18101036629823378_6303142190959510013_n.webp?_nc_cat=105&_nc_map=urlgen_bucketless&ig_cache_key=MzgwMDI2NTM5MzUwNDI4ODI5OA%3D%3D.3-ccb7-5&ccb=7-5&_nc_sid=58cdad&efg=eyJ2ZW5jb2RlX3RhZyI6IkZFRUQueHBpZHMuMTQ0MC5zZHIucmVndWxhcl9waG90by5DMyJ9&_nc_ohc=_o4K5Ae_HI8Q7kNvwHiL4gw&_nc_oc=AdpAT1yJUBJaEaFAUuIqlie-YQSHIZ-KKqr104EZxfRaWM582U_2Eta0OAUP3HEGMhU&_nc_ad=z-m&_nc_cid=0&_nc_zt=23&_nc_ht=instagram.fbio2-1.fna&_nc_gid=f3c3LFwx8FDVhiGvkQloWA&_nc_ss=7a22e&oh=00_AQLydlIlo2XjfxrX4zO88cAx4JmMc_sl2JVh1agiMYzWMg&oe=6AB90920","","ShootersGrill","LegendaryCustomers","NewYear2026","steakhouseandbar","cheers",,,"3800265393504288298","https://www.instagram.com/shooters_grill_dar/","false",,,,,,,,,,,,,,,,,,"6",,,,,,,,,,,"1440","1440","Shooters Grill","24523847377","shooters_grill_dar","false","feed","DS9QT2gCH4q",,,,,,"2026-01-01T05:55:59.000Z","Image","https://www.instagram.com/p/DS9QT2gCH4q/",,,,
"Photo by Shooters Grill on January 08, 2026.",,"Why settle for a sandwich when you can have this? 🤤
Treat yourself to the best seat in the house. Whether it's a business lunch or a personal reward, we’ve got the grill fired up.
📞 Call to Reserve: 0754 880 160

@shooters_grill_dar #SteakDinner #ShootersGrill #GrillMaster #meatlovers",,,,,,,,"0","1440","1440","https://instagram.fblq3-2.fna.fbcdn.net/v/t51.82787-15/611241802_18101660611823378_7702608926454440875_n.webp?_nc_cat=102&_nc_map=urlgen_bucketless&ig_cache_key=MzgwNTQ4NTYzMTQwMTcwNzE5Mg%3D%3D.3-ccb7-5&ccb=7-5&_nc_sid=58cdad&efg=eyJ2ZW5jb2RlX3RhZyI6IkZFRUQueHBpZHMuMTQ0MC5zZHIucmVndWxhcl9waG90by5DMyJ9&_nc_ohc=1HLnt9ZyDRQQ7kNvwHD0rXk&_nc_oc=AdqvFOwb0fvul_cyL0ByVEzgcWxPtdCi8jvSL_lO7X-VsD8_RIEAa91w4b3OaPxli0o&_nc_ad=z-m&_nc_cid=1007&_nc_zt=23&_nc_ht=instagram.fblq3-2.fna&_nc_gid=wE1U81_vFgXROU21wFv-5g&_nc_ss=7a22e&oh=00_AQLkPsBi5yItSCIP4xY9DDktmjRzIOrc47QlLTBn3aaBYA&oe=6AB91AD1","","SteakDinner","ShootersGrill","GrillMaster","meatlovers",,,,"3805485631401707192","https://www.instagram.com/shooters_grill_dar/","false",,,,,,,,,,,,,,,,,,"5",,,"shooters_grill_dar",,,,,,,,"1440","1440","Shooters Grill","24523847377","shooters_grill_dar","false","feed","DTPzQT5jUa4",,,,,,"2026-01-08T10:47:40.000Z","Image","https://www.instagram.com/p/DTPzQT5jUa4/",,,,
"Photo by Shooters Grill on January 03, 2026.",,"It’s time to RELOAD your energy and REFUEL your soul with the finest cuts in town.
📍 Visit us to kick off your New Year festivities!
📞 Reserve your table: 0754880160

#ShootersGrill #Steakhouse #NewYear2026 #reloadandrefuel",,,,,,,,"0","1440","1440","https://instagram.fktw1-1.fna.fbcdn.net/v/t51.82787-15/610613984_18101251648823378_3130050989887087170_n.webp?_nc_cat=107&_nc_map=urlgen_bucketless&ig_cache_key=MzgwMTkxMjA3MjI5NzMzNTIwNw%3D%3D.3-ccb7-5&ccb=7-5&_nc_sid=58cdad&efg=eyJ2ZW5jb2RlX3RhZyI6IkZFRUQueHBpZHMuMTQ0MC5zZHIucmVndWxhcl9waG90by5DMyJ9&_nc_ohc=wwY-pk9y9ZQQ7kNvwE8IUNn&_nc_oc=Adq9Uzh67idcl3wFQSypQ59QZ7tE5vzVwGsFPTIW1WsSYezkW4bhvjm_kmcJxPf3IA0&_nc_ad=z-m&_nc_cid=0&_nc_zt=23&_nc_ht=instagram.fktw1-1.fna&_nc_gid=U5X0PLGA5gZlNgXLEu2aqg&_nc_ss=7a22e&oh=00_AQLr9I9uxA9Njf3-q4x1WHC7WIZ03EFo1U6AWRDNnVEp4w&oe=6AB91EFF","","ShootersGrill","Steakhouse","NewYear2026","reloadandrefuel",,,,"3801912072297335207","https://www.instagram.com/shooters_grill_dar/","false",,,,,,,,,,,,,,,,,,"5",,,,,,,,,,,"1440","1440","Shooters Grill","24523847377","shooters_grill_dar","false","feed","DTDGuLojUmn",,,,,,"2026-01-03T12:27:38.000Z","Image","https://www.instagram.com/p/DTDGuLojUmn/",,,,
"Video by Shooters Grill on June 24, 2026.","https://scontent-nrt1-2.cdninstagram.com/o1/v/t2/f2/m78/AQNjBGxohJacQTwImo7XjnJSFVqIjNW8X59F9Lds3j3f3wFUevCp1sbKPM9f4VhcBwvt7ZnZ057hJz5Kdri3VOMel2y5qB-r2wobzt8.mp4?_nc_cat=107&_nc_sid=9ca052&_nc_ht=scontent-nrt1-2.cdninstagram.com&_nc_ohc=LaRTYGlfqFAQ7kNvwFM3AxW&efg=eyJ2ZW5jb2RlX3RhZyI6ImlnLXhwdmRzLmNsaXBzLmMyLUMzLmRhc2hfbG5faGVhYWNfdmJyM19hdWRpbyIsInZpZGVvX2lkIjpudWxsLCJvaWxfdXJsZ2VuX2FwcF9pZCI6OTM2NjE5NzQzMzkyNDU5LCJjbGllbnRfbmFtZSI6ImlnIiwieHB2X2Fzc2V0X2lkIjoyNTI3ODg2NDcwOTgzMDQ5LCJhc3NldF9hZ2VfZGF5cyI6OTAsInZpX3VzZWNhc2VfaWQiOjEwMDk5LCJkdXJhdGlvbl9zIjoyMCwiYml0cmF0ZSI6NjcwMTIsInVybGdlbl9zb3VyY2UiOiJ3d3cifQ%3D%3D&ccb=17-1&_nc_gid=uFKWRfuxIJHwY0j_bK0BDA&_nc_ss=7a22e&_nc_zt=28&oh=00_AQJNjUyfC6p4iSv51UBNZElM4xSj0sJ7yAB6hqCwk6xlpg&oe=6AB5235C","Can't decide between a juicy steak, a stacked burger, sticky ribs, or surf & turf? 🤓Good news...! You don't have to choose. 
We've got it all locked and loaded at Shooters Grill. 🍤🥩🍔

#shootersgrill l #steakdinner #burgertime #ribs #grilllife🔥",,,,,,,,"0","1136","640","https://scontent-nrt1-2.cdninstagram.com/v/t51.71878-15/728025118_2232750657525984_7706516500112777566_n.jpg?stp=dst-jpg_e15_tt6&_nc_cat=101&ig_cache_key=MzkyNjY3OTU3NjU1Mjg4OTAwNzI1Mjc4ODc0MDQzMTYyODk%3D.3-ccb7-5&ccb=7-5&_nc_sid=58cdad&efg=eyJ2ZW5jb2RlX3RhZyI6IkNMSVBTLnhwaWRzLjY0MC5zZHIudmlkZW9fbmZyYW1lX2NvdmVyX2ZyYW1lLkMzIn0%3D&_nc_ohc=6NkZhoumiLIQ7kNvwHyP1Nw&_nc_oc=AdpM7B79BrHFYQbaCXHFNipiRg3knDQKXnzgTdkW8D-GiDDJT-4150Q0tWRKM5Mnuy8&_nc_ad=z-m&_nc_cid=0&_nc_zt=23&_nc_ht=scontent-nrt1-2.cdninstagram.com&_nc_gid=uFKWRfuxIJHwY0j_bK0BDA&_nc_ss=7a22e&oh=00_AQIzCAgqLIPQ7g2jORBzMtiaDnUP2sS6EliUqSZ0D2Fcdw&oe=6AB92587","","shootersgrill","steakdinner","burgertime","ribs","grilllife🔥",,,"3926679576552889007","https://www.instagram.com/shooters_grill_dar/","false",,,,,,,,,,,,,,,,,,"12",,,,,"shooters_grill_dar","27224418213894769","false","","Original audio","true","1920","1080","Shooters Grill","24523847377","shooters_grill_dar","false","clips","DZ-XkU7N1qv",,,,,,"2026-06-24T15:59:31.000Z","Video","https://www.instagram.com/p/DZ-XkU7N1qv/","20.52644","647","https://scontent-nrt1-2.cdninstagram.com/o1/v/t2/f2/m86/AQMgAwqu9363FV2Up_PWi24-TOVFLbIdgGE6NfAmo329uZqYkEp47jm02x_XjfG6bjyGuMnG2SP7vJBtAuVPNd4y_I7t00Z8u3jz_6w.mp4?_nc_cat=107&_nc_sid=5e9851&_nc_ht=scontent-nrt1-2.cdninstagram.com&_nc_ohc=M5Gl_RVGi0sQ7kNvwGPNT4R&efg=eyJ2ZW5jb2RlX3RhZyI6Inhwdl9wcm9ncmVzc2l2ZS5JTlNUQUdSQU0uQ0xJUFMuQzMuNzIwLmRhc2hfYmFzZWxpbmVfMV92MSIsInhwdl9hc3NldF9pZCI6MjUyNzg4NjQ3MDk4MzA0OSwiYXNzZXRfYWdlX2RheXMiOjkwLCJ2aV91c2VjYXNlX2lkIjoxMDA5OSwiZHVyYXRpb25fcyI6MjAsInVybGdlbl9zb3VyY2UiOiJ3d3cifQ%3D%3D&ccb=17-1&vs=193ebdcff4f14f35&_nc_vs=HBksFQIYUmlnX3hwdl9yZWVsc19wZXJtYW5lbnRfc3JfcHJvZC80NzQ3QjJCQzYxOUUwNDBFRkE1QzM1M0I4RTY0QzVBOF92aWRlb19kYXNoaW5pdC5tcDQVAALIARIAFQIYUWlnX3hwdl9wbGFjZW1lbnRfcGVybWFuZW50X3YyLzcyNEY1NjhGRDI4MUIyOEUxQzg1MUYzOUREOTg4NDg5X2F1ZGlvX2Rhc2hpbml0Lm1wNBUCAsgBEgAoABgAGwKIB3VzZV9vaWwBMRJwcm9ncmVzc2l2ZV9yZWNpcGUBMRUAACaStpXyrcb9CBUCKAJDMywXQDSAAAAAAAAYEmRhc2hfYmFzZWxpbmVfMV92MREAdf4HZeadAQA&_nc_gid=uFKWRfuxIJHwY0j_bK0BDA&_nc_ss=7a22e&_nc_zt=28&oh=00_AQLaFbmXxmQbOTESKTottEzEOdMTtJqgxdhigRf2rCBNeg&oe=6AB51458","155"
"Video by Shooters Grill on January 06, 2026.","https://scontent-itm1-1.cdninstagram.com/o1/v/t2/f2/m86/AQO_MMWOTKttnU7SNLbbcNoYOom2Af9A03iscXy1NvsNkc3MyBUGTFx4FoYjRpAhMN0beD5Q0pW3wn9sZFd6qpU.mp4?_nc_cat=111&_nc_sid=9ca052&_nc_ht=scontent-itm1-1.cdninstagram.com&_nc_ohc=igJqMSN-8dwQ7kNvwGIxrlS&efg=eyJ2ZW5jb2RlX3RhZyI6ImlnLXhwdmRzLmNsaXBzLmV4cGVyaW1lbnRhbC1DMy5kYXNoX2xuX2hlYWFjX3ZicjNfYXVkaW8iLCJ2aWRlb19pZCI6bnVsbCwib2lsX3VybGdlbl9hcHBfaWQiOjkzNjYxOTc0MzM5MjQ1OSwiY2xpZW50X25hbWUiOiJpZyIsInhwdl9hc3NldF9pZCI6MTI0MzE4ODE2MDYyMjY4NywiYXNzZXRfYWdlX2RheXMiOjI1OSwidmlfdXNlY2FzZV9pZCI6MTAwOTksImR1cmF0aW9uX3MiOjEwLCJiaXRyYXRlIjo3NjEwNywidXJsZ2VuX3NvdXJjZSI6Ind3dyJ9&ccb=17-1&_nc_gid=PstyHKcdEwKOa-4fDRqy_A&_nc_ss=7a22e&_nc_zt=28&oh=00_AQKSngyN0WvVns7dXZHhnx4s6ZpXZ7GfR_-6biPLu6QO6Q&oe=6AB5180D","They say you can’t buy happiness, but you can buy a perfectly grilled steak 🥩 at Shooters, and that’s pretty much the same thing. Who’s joining us for a slice of heaven today?😋😍

@shooters_grill_dar #ShootersGrill #DarEsSalaam #SteakLovers",,,,,,,,"2","640","640","https://scontent-itm1-1.cdninstagram.com/v/t51.71878-15/588641504_1475624561237349_7729366780821307041_n.jpg?stp=dst-jpg_e15_tt6&_nc_cat=107&ig_cache_key=MzgwNDAwNDg0NzkzNTM4MzcxNA%3D%3D.3-ccb7-5&ccb=7-5&_nc_sid=58cdad&efg=eyJ2ZW5jb2RlX3RhZyI6IkNMSVBTLnhwaWRzLjY0MC5zZHIudmlkZW9fZGVmYXVsdF9jb3Zlcl9mcmFtZS5DMyJ9&_nc_ohc=FYm1vRzeYHcQ7kNvwG92g5D&_nc_oc=AdpbKt7i-dJuJ6WiWYqYzVNWXNlAWcSHZus6xqGNLatCy4xV5887-zttJ9tISGxlwQVVSvJF5sh46BBjGKMYNNqH&_nc_ad=z-m&_nc_cid=0&_nc_zt=23&_nc_ht=scontent-itm1-1.cdninstagram.com&_nc_gid=PstyHKcdEwKOa-4fDRqy_A&_nc_ss=7a22e&oh=00_AQKMaNkrIQzeBs41x5gv5bLgXhRhy-Yh_l6NTThU2GoerA&oe=6AB920C9","🙌🏾@shooters_grill_dar  at the peak 🔥🔥","ShootersGrill","DarEsSalaam","SteakLovers",,,,,"3804004847935383714","https://www.instagram.com/shooters_grill_dar/","false","18061501517641103","1",,"55954667733",,,"false",,,"https://scontent-itm1-1.cdninstagram.com/v/t51.82787-19/758401723_18013927802867734_3858429278527809403_n.jpg?stp=dst-jpg_s150x150_tt6&efg=eyJ2ZW5jb2RlX3RhZyI6InByb2ZpbGVfcGljLmRqYW5nby4xMDIyLmMyIn0&_nc_ht=scontent-itm1-1.cdninstagram.com&_nc_cat=110&_nc_oc=Q6cZ2gHtvOlDgMvE_M5GcOUVHXwNq4PY4QOMSUfTdd9B0DUVIgWw1FwBXbo7B96tHuAAS2Q&_nc_ohc=ewOLJrMMAz8Q7kNvwGSWFVs&_nc_gid=MZvPc5JL-vSevlAjjzfOLw&edm=APs17CUBAAAA&ccb=7-5&oh=00_AQIowG_ktQqG40rj68cG-aeIcPMT15EEl08TXx9VPQWiSw&oe=6AB92ECC&_nc_sid=10d13b","vantia.medical","https://scontent-itm1-1.cdninstagram.com/v/t51.82787-19/758401723_18013927802867734_3858429278527809403_n.jpg?stp=dst-jpg_s150x150_tt6&efg=eyJ2ZW5jb2RlX3RhZyI6InByb2ZpbGVfcGljLmRqYW5nby4xMDIyLmMyIn0&_nc_ht=scontent-itm1-1.cdninstagram.com&_nc_cat=110&_nc_oc=Q6cZ2gHtvOlDgMvE_M5GcOUVHXwNq4PY4QOMSUfTdd9B0DUVIgWw1FwBXbo7B96tHuAAS2Q&_nc_ohc=ewOLJrMMAz8Q7kNvwGSWFVs&_nc_gid=MZvPc5JL-vSevlAjjzfOLw&edm=APs17CUBAAAA&ccb=7-5&oh=00_AQIowG_ktQqG40rj68cG-aeIcPMT15EEl08TXx9VPQWiSw&oe=6AB92ECC&_nc_sid=10d13b","vantia.medical",,,"🙌🏾@shooters_grill_dar  at the peak 🔥🔥","2026-01-06T10:33:39.000Z","15",,,"shooters_grill_dar",,"shooters_grill_dar","25539047902418202","false","","Original audio","true","720","720","Shooters Grill","24523847377","shooters_grill_dar","false","clips","DTKikE1DWii",,,,,,"2026-01-06T09:48:41.000Z","Video","https://www.instagram.com/p/DTKikE1DWii/","10.03102","1185","https://scontent-itm1-1.cdninstagram.com/o1/v/t2/f2/m367/AQPp3ZgH0T1KmGviu57L9Kegodu_M-wRwMuP3LWyYibt7gX2oGNUwCPoqqkWGguD1quBOcwfKlIDYUl5lJSCmd97r2yNHH-dRtvJTxw.mp4?_nc_cat=104&_nc_sid=9ca052&_nc_ht=scontent-itm1-1.cdninstagram.com&_nc_ohc=FePlugGL-mYQ7kNvwGnReik&efg=eyJ2ZW5jb2RlX3RhZyI6ImlnLXhwdmRzLmNsaXBzLmV4cGVyaW1lbnRhbC1DMy5kYXNoX2Jhc2VsaW5lXzFfdjEiLCJ2aWRlb19pZCI6bnVsbCwib2lsX3VybGdlbl9hcHBfaWQiOjkzNjYxOTc0MzM5MjQ1OSwiY2xpZW50X25hbWUiOiJpZyIsInhwdl9hc3NldF9pZCI6MTI0MzE4ODE2MDYyMjY4NywiYXNzZXRfYWdlX2RheXMiOjI1OSwidmlfdXNlY2FzZV9pZCI6MTAwOTksImR1cmF0aW9uX3MiOjEwLCJiaXRyYXRlIjo4NzU3MDAsInVybGdlbl9zb3VyY2UiOiJ3d3cifQ%3D%3D&ccb=17-1&_nc_gid=PstyHKcdEwKOa-4fDRqy_A&_nc_ss=7a22e&_nc_zt=28&oh=00_AQLyHAZABSgBzPavMEXD9X8_lXl1nOAx9qWmj6iReKSDeg&oe=6AB923C5","451"
"Photo by Shooters Grill on January 13, 2026.",,"The secret is in the details. Consider this your sign to stop scrolling and start eating.

#MeatLovers #ShootersGrill #steaknight",,,,,,,,"1","1440","1152","https://scontent-fco2-1.cdninstagram.com/v/t51.82787-15/615285604_18102081562823378_2739009040509719879_n.webp?_nc_cat=107&ig_cache_key=MzgwOTE0Njg4NTU1MTAwMzIyNg%3D%3D.3-ccb7-5&ccb=7-5&_nc_sid=58cdad&efg=eyJ2ZW5jb2RlX3RhZyI6IkZFRUQueHBpZHMuMTE1Mi5zZHIucmVndWxhcl9waG90by5DMyJ9&_nc_ohc=6m15IzQfx4QQ7kNvwEOUcW7&_nc_oc=AdpG-80qcgqU7F-M8SX6lNv52jiIDd_tcjJ6DIhgsvD6Xpj9IP35NOAivtgLbSpdv-U&_nc_ad=z-m&_nc_cid=0&_nc_zt=23&_nc_ht=scontent-fco2-1.cdninstagram.com&_nc_gid=TVnV3tneH_WI_eL5WniA-A&_nc_ss=7a22e&oh=00_AQICQ76FbBAMDnMBVzkBxecSGFgtZ2XdlByyo4GQAq0QMw&oe=6AB92440","🔥🔥","MeatLovers","ShootersGrill","steaknight",,,,,"3809146885551003226","https://www.instagram.com/shooters_grill_dar/","false","18092465995978148","0",,"55954667733",,,"false",,,"https://instagram.ftrn5-1.fna.fbcdn.net/v/t51.82787-19/758401723_18013927802867734_3858429278527809403_n.jpg?stp=dst-jpg_s150x150_tt6&efg=eyJ2ZW5jb2RlX3RhZyI6InByb2ZpbGVfcGljLmRqYW5nby4xMDIyLmMyIn0&_nc_ht=instagram.ftrn5-1.fna.fbcdn.net&_nc_cat=110&_nc_oc=Q6cZ2gGCOS2k7BwN18Fs6TMP85sAWywIx20J31-LiKl2nQlF1Oo694kEPaXaxquZshBiX64&_nc_ohc=ewOLJrMMAz8Q7kNvwEZTuuY&_nc_gid=36OO7QT_Ip52fxCvu6a-lw&edm=APs17CUBAAAA&ccb=7-5&oh=00_AQI-WvjTJHuYRfVL5QSP6KNviBSW8cmKLkRCwWXMhM7APA&oe=6AB92ECC&_nc_sid=10d13b","vantia.medical","https://instagram.ftrn5-1.fna.fbcdn.net/v/t51.82787-19/758401723_18013927802867734_3858429278527809403_n.jpg?stp=dst-jpg_s150x150_tt6&efg=eyJ2ZW5jb2RlX3RhZyI6InByb2ZpbGVfcGljLmRqYW5nby4xMDIyLmMyIn0&_nc_ht=instagram.ftrn5-1.fna.fbcdn.net&_nc_cat=110&_nc_oc=Q6cZ2gGCOS2k7BwN18Fs6TMP85sAWywIx20J31-LiKl2nQlF1Oo694kEPaXaxquZshBiX64&_nc_ohc=ewOLJrMMAz8Q7kNvwEZTuuY&_nc_gid=36OO7QT_Ip52fxCvu6a-lw&edm=APs17CUBAAAA&ccb=7-5&oh=00_AQI-WvjTJHuYRfVL5QSP6KNviBSW8cmKLkRCwWXMhM7APA&oe=6AB92ECC&_nc_sid=10d13b","vantia.medical",,,"🔥🔥","2026-01-13T12:18:02.000Z","7",,,,,,,,,,,"1440","1152","Shooters Grill","24523847377","shooters_grill_dar","false","feed","DTczukijZZa",,,,,,"2026-01-13T12:01:57.000Z","Image","https://www.instagram.com/p/DTczukijZZa/",,,,
"Photo by Shooters Grill on February 16, 2026.",,"Say no more. 🌅 Secure your spot at the finest rooftop grill in Dar es Salaam.

📍 Location: 1196 Haile Selassie Rd., Oyster Plaza, Dar es Salaam
📞 Reservations: 0754880160

#ShootersGrill #DarEsSalaam #RooftopDining #TanzaniaEats #steakhouse",,,,,,,,"0","1440","1152","https://scontent-fco2-1.cdninstagram.com/v/t51.82787-15/632053154_18105414238823378_9035610640972984571_n.webp?_nc_cat=110&ig_cache_key=MzgzNDI1MTUyODQyMTA0NDI4Nw%3D%3D.3-ccb7-5&ccb=7-5&_nc_sid=58cdad&efg=eyJ2ZW5jb2RlX3RhZyI6IkZFRUQueHBpZHMuMTE1Mi5zZHIucmVndWxhcl9waG90by5DMyJ9&_nc_ohc=99aKqQzqZFMQ7kNvwFrX2Si&_nc_oc=AdqIjRyk6Bk2lc_CHg8dYL4yL2IYjKhFQlUyoiRd_PtMzfRp1XB8le3LEVFvZLYdvm8&_nc_ad=z-m&_nc_cid=0&_nc_zt=23&_nc_ht=scontent-fco2-1.cdninstagram.com&_nc_gid=zVb5Ba_sHgVMncSDH-98iA&_nc_ss=7a22e&oh=00_AQI2wr7xmG_8462cpoQeY3-Im4bjjaTzA3lnyXykp1Cxww&oe=6AB92DC9","","ShootersGrill","DarEsSalaam","RooftopDining","TanzaniaEats","steakhouse",,,"3834251528421044287","https://www.instagram.com/shooters_grill_dar/","false",,,,,,,,,,,,,,,,,,"9",,,,,,,,,,,"1440","1152","Shooters Grill","24523847377","shooters_grill_dar","false","feed","DU1_3NLCPA_",,,,,,"2026-02-17T03:20:26.000Z","Image","https://www.instagram.com/p/DU1_3NLCPA_/",,,,
"Photo by Shooters Grill on January 20, 2026.",,"The definition of tender.
Our signature ribs and fries are waiting for you at Shooters Grill. 🥩🔥

@shooters_grill_dar #Ribs #mealserved #Foodie #grillmaster",,,,,,,,"0","1800","1440","https://instagram.fcgh10-2.fna.fbcdn.net/v/t51.82787-15/618779494_18102761641823378_6153221411281257927_n.jpg?stp=dst-jpg_e35_tt6&_nc_cat=101&_nc_map=urlgen_bucketless&ig_cache_key=MzgxNDc5NTQ2ODcyMzgxNTAyNg%3D%3D.3-ccb7-5&ccb=7-5&_nc_sid=58cdad&efg=eyJ2ZW5jb2RlX3RhZyI6IkZFRUQueHBpZHMuMTQ0MC5zZHIucmVndWxhcl9waG90by5DMyJ9&_nc_ohc=NkUzEla_tMgQ7kNvwHCyqqM&_nc_oc=AdpGWsdjGN4xeOOPbvNDhy4CTEA2iLIQADxF0piajx6kvFCS_0ARacu7UTKOBvsTEEg&_nc_ad=z-m&_nc_cid=0&_nc_zt=23&_nc_ht=instagram.fcgh10-2.fna&_nc_gid=xLUJ7a0Nena40z4YffUpRA&_nc_ss=7a22e&oh=00_AQI5_nccwExAcwzHZrpObXjIesRTRC7bTY99w9Ct3u_WwA&oe=6AB91E79","","Ribs","mealserved","Foodie","grillmaster",,,,"3814795468723815026","https://www.instagram.com/shooters_grill_dar/","false",,,,,,,,,,,,,,,,,,"10",,,"shooters_grill_dar",,,,,,,,"1800","1440","Shooters Grill","24523847377","shooters_grill_dar","false","feed","DTw4ERkDYJy",,,,,,"2026-01-21T07:04:39.000Z","Image","https://www.instagram.com/p/DTw4ERkDYJy/",,,,
"Photo by Flavours.tz | Food + Travel on March 26, 2026.",,"Hands down, the juiciest steak I’ve ever had 😩🤤

Dave’s steak from 📍Shooters Grill, Dar es Salaam

#shootersgrill #dar #tz #foodinspo #fyp","User","Shooters Grill","24523847377","false","false","https://instagram.fbne11-1.fna.fbcdn.net/v/t51.2885-19/280535532_714045236677778_5682067728741845470_n.jpg?stp=dst-jpg_s150x150_tt6&efg=eyJ2ZW5jb2RlX3RhZyI6InByb2ZpbGVfcGljLmRqYW5nby4xMDgwLmMyIn0&_nc_ht=instagram.fbne11-1.fna.fbcdn.net&_nc_cat=102&_nc_oc=Q6cZ2gHQW_WC7AXV3uem1mizcECwv3aYkOwNDHsCFohV1hDc0L5SHeZwZVvCQwzkUHeCK8Q&_nc_ohc=rZIGhBryi20Q7kNvwEgVc7t&_nc_gid=G3duks1Uv-5ePRfPZQfPDw&edm=APs17CUBAAAA&ccb=7-5&oh=00_AQK0MbaCAsR_zZUc3JpnCkD3dxhj-CsU6usj2is79FCr4g&oe=6AB9286C&_nc_sid=10d13b","shooters_grill_dar","1","1635","1440","https://instagram.fbne11-1.fna.fbcdn.net/v/t51.82787-15/658054623_18051919463710221_5819012426431120803_n.jpg?stp=dst-jpg_e35_tt6&_nc_cat=109&ig_cache_key=Mzg2MTQ5ODQ2NTM1MjQ3Mzc1Ng%3D%3D.3-ccb7-5&ccb=7-5&_nc_sid=58cdad&efg=eyJ2ZW5jb2RlX3RhZyI6IkZFRUQueHBpZHMuMTQ0MC5zZHIucmVndWxhcl9waG90by5DMyJ9&_nc_ohc=Cs3JFvN7_hQQ7kNvwGH17CJ&_nc_oc=Adqgdj4g0np_8Ze3K2k8mArsO3tjWImFZiayuL76jUPfgAlkVzgTF1JntZzMVzQdT_Y&_nc_ad=z-m&_nc_cid=0&_nc_zt=23&_nc_ht=instagram.fbne11-1.fna&_nc_gid=G3duks1Uv-5ePRfPZQfPDw&_nc_ss=7a22e&oh=00_AQLyjBDuJHbkQyBSQROJoxGDffIPcSoLgxhZdhVdzstRCg&oe=6AB920A4","","shootersgrill","dar","tz","foodinspo","fyp",,,"3861498465352473756","https://www.instagram.com/shooters_grill_dar/","false",,,,,,,,,,,,,,,,,,"14","110639715625917","Dar es Salaam, Tanzania",,,,,,,,,"1635","1440","Flavours.tz | Food + Travel","51240406220","flavours.tz","false","feed","DWWzGUoDNyc","Shooters Grill","24523847377","false","https://instagram.fbne11-1.fna.fbcdn.net/v/t51.2885-19/280535532_714045236677778_5682067728741845470_n.jpg?stp=dst-jpg_s150x150_tt6&efg=eyJ2ZW5jb2RlX3RhZyI6InByb2ZpbGVfcGljLmRqYW5nby4xMDgwLmMyIn0&_nc_ht=instagram.fbne11-1.fna.fbcdn.net&_nc_cat=102&_nc_oc=Q6cZ2gHQW_WC7AXV3uem1mizcECwv3aYkOwNDHsCFohV1hDc0L5SHeZwZVvCQwzkUHeCK8Q&_nc_ohc=rZIGhBryi20Q7kNvwEgVc7t&_nc_gid=G3duks1Uv-5ePRfPZQfPDw&edm=APs17CUBAAAA&ccb=7-5&oh=00_AQK0MbaCAsR_zZUc3JpnCkD3dxhj-CsU6usj2is79FCr4g&oe=6AB9286C&_nc_sid=10d13b","shooters_grill_dar","2026-03-26T17:38:15.000Z","Image","https://www.instagram.com/p/DWWzGUoDNyc/",,,,
